building_type,city,climate_zone,category,variant,variant_description,peak_heat_kW,peak_cool_kW,annual_heat_MWh,annual_cool_MWh,heat_multiplier_vs_baseline,cool_multiplier_vs_baseline
large_office,atlanta,3A,Window-to-Wall Ratio,wwr_20pct,20% (baseline),400.95,1764.42,24.295,5618.512,1.0,1.0
large_office,atlanta,3A,Glazing Type,glaz_double_low_e,"Double low-E (post-2000, baseline)",400.95,1764.42,24.295,5618.512,1.0,1.0
large_office,atlanta,3A,Infiltration,infil_standard,Standard (baseline),400.95,1764.42,24.295,5618.512,1.0,1.0
large_office,atlanta,3A,Equipment Power Density,equip_high,2.0× baseline,400.95,1764.42,24.295,5618.512,1.0,1.0
large_office,atlanta,3A,Equipment Power Density,equip_low,0.5× baseline,400.95,1764.42,24.295,5618.512,1.0,1.0
large_office,atlanta,3A,Glazing Type,glaz_double_pane,Double clear pane (pre-2000),443.95,2078.85,33.925,6421.15,1.107,1.178
large_office,atlanta,3A,Glazing Type,glaz_single_pane,Single pane (pre-1980),622.31,2295.81,101.865,6636.044,1.552,1.301
large_office,atlanta,3A,Glazing Type,glaz_triple_low_e,Triple low-E (post-2010),266.49,1596.28,8.107,5327.753,0.665,0.905
large_office,atlanta,3A,Infiltration,infil_leaky,Leaky (older/poor construction),584.87,1785.2,49.839,5529.039,1.459,1.012
large_office,atlanta,3A,Infiltration,infil_tight,Tight (new construction),337.46,1753.91,15.654,5667.276,0.842,0.994
large_office,atlanta,3A,Lighting Power Density,lighting_high,1.5× baseline,376.42,2069.61,20.537,7164.654,0.939,1.173
large_office,atlanta,3A,Lighting Power Density,lighting_low,0.5× baseline,438.73,1459.18,30.596,4075.396,1.094,0.827
large_office,atlanta,3A,Occupancy Density,people_high,2.0× baseline,389.52,2033.44,20.139,6341.79,0.971,1.152
large_office,atlanta,3A,Occupancy Density,people_low,0.5× baseline,407.5,1630.29,27.323,5261.663,1.016,0.924
large_office,atlanta,3A,Operating Schedule,sched_5day,5-day week,400.95,1764.42,24.295,5618.512,1.0,1.0
large_office,atlanta,3A,Operating Schedule,sched_extended,Extended hours (1.25×),400.95,1764.42,24.295,5618.512,1.0,1.0
large_office,atlanta,3A,Window-to-Wall Ratio,wwr_10pct,10%,342.02,1505.13,15.207,4971.508,0.853,0.853
large_office,atlanta,3A,Window-to-Wall Ratio,wwr_30pct,30%,360.03,1606.93,18.013,5242.145,0.898,0.911
large_office,atlanta,3A,Window-to-Wall Ratio,wwr_50pct,50%,389.83,1720.82,22.272,5513.856,0.972,0.975
large_office,atlanta,3A,Window-to-Wall Ratio,wwr_70pct,70%,417.03,1834.38,27.962,5783.874,1.04,1.04
large_office,atlanta,3A,Window-to-Wall Ratio,wwr_90pct,90%,440.24,1963.87,34.95,6053.199,1.098,1.113
large_office,buffalo,5A,Window-to-Wall Ratio,wwr_20pct,20% (baseline),929.49,1684.81,161.713,4637.54,1.0,1.0
large_office,buffalo,5A,Glazing Type,glaz_double_low_e,"Double low-E (post-2000, baseline)",929.49,1684.81,161.713,4637.54,1.0,1.0
large_office,buffalo,5A,Infiltration,infil_standard,Standard (baseline),929.49,1684.81,161.713,4637.54,1.0,1.0
large_office,buffalo,5A,Equipment Power Density,equip_high,2.0× baseline,929.49,1684.81,161.713,4637.54,1.0,1.0
large_office,buffalo,5A,Equipment Power Density,equip_low,0.5× baseline,929.49,1684.81,161.713,4637.54,1.0,1.0
large_office,buffalo,5A,Glazing Type,glaz_double_pane,Double clear pane (pre-2000),976.97,1987.21,209.048,5180.729,1.051,1.179
large_office,buffalo,5A,Glazing Type,glaz_single_pane,Single pane (pre-1980),1213.48,2177.01,479.868,5179.233,1.306,1.292
large_office,buffalo,5A,Glazing Type,glaz_triple_low_e,Triple low-E (post-2010),836.69,1529.43,63.236,4561.54,0.9,0.908
large_office,buffalo,5A,Infiltration,infil_leaky,Leaky (older/poor construction),1033.86,1700.33,294.478,4475.491,1.112,1.009
large_office,buffalo,5A,Infiltration,infil_tight,Tight (new construction),901.51,1676.69,109.319,4736.06,0.97,0.995
large_office,buffalo,5A,Lighting Power Density,lighting_high,1.5× baseline,864.75,1991.78,140.03,6165.284,0.93,1.182
large_office,buffalo,5A,Lighting Power Density,lighting_low,0.5× baseline,985.49,1377.55,191.357,3116.688,1.06,0.818
large_office,buffalo,5A,Occupancy Density,people_high,2.0× baseline,901.91,1954.05,135.077,5316.859,0.97,1.16
large_office,buffalo,5A,Occupancy Density,people_low,0.5× baseline,930.88,1550.51,179.165,4307.618,1.001,0.92
large_office,buffalo,5A,Operating Schedule,sched_5day,5-day week,929.49,1684.81,161.713,4637.54,1.0,1.0
large_office,buffalo,5A,Operating Schedule,sched_extended,Extended hours (1.25×),929.49,1684.81,161.713,4637.54,1.0,1.0
large_office,buffalo,5A,Window-to-Wall Ratio,wwr_10pct,10%,846.66,1414.03,87.841,4273.273,0.911,0.839
large_office,buffalo,5A,Window-to-Wall Ratio,wwr_30pct,30%,876.99,1529.94,115.754,4422.157,0.944,0.908
large_office,buffalo,5A,Window-to-Wall Ratio,wwr_50pct,50%,915.9,1641.9,148.156,4576.852,0.985,0.975
large_office,buffalo,5A,Window-to-Wall Ratio,wwr_70pct,70%,943.7,1751.98,183.599,4734.31,1.015,1.04
large_office,buffalo,5A,Window-to-Wall Ratio,wwr_90pct,90%,989.09,1869.81,222.245,4894.426,1.064,1.11
large_office,denver,5B,Window-to-Wall Ratio,wwr_20pct,20% (baseline),488.43,1713.81,74.762,5122.804,1.0,1.0
large_office,denver,5B,Glazing Type,glaz_double_low_e,"Double low-E (post-2000, baseline)",488.43,1713.81,74.762,5122.804,1.0,1.0
large_office,denver,5B,Infiltration,infil_standard,Standard (baseline),488.43,1713.81,74.762,5122.804,1.0,1.0
large_office,denver,5B,Equipment Power Density,equip_high,2.0× baseline,488.43,1713.81,74.762,5122.804,1.0,1.0
large_office,denver,5B,Equipment Power Density,equip_low,0.5× baseline,488.43,1713.81,74.762,5122.804,1.0,1.0
large_office,denver,5B,Glazing Type,glaz_double_pane,Double clear pane (pre-2000),606.34,2051.17,110.007,5945.032,1.241,1.197
large_office,denver,5B,Glazing Type,glaz_single_pane,Single pane (pre-1980),1015.28,2275.92,305.77,6063.166,2.079,1.328
large_office,denver,5B,Glazing Type,glaz_triple_low_e,Triple low-E (post-2010),289.29,1545.2,20.168,4926.578,0.592,0.902
large_office,denver,5B,Infiltration,infil_leaky,Leaky (older/poor construction),645.03,1699.32,122.395,4979.07,1.321,0.992
large_office,denver,5B,Infiltration,infil_tight,Tight (new construction),430.77,1721.47,56.018,5208.6,0.882,1.004
large_office,denver,5B,Lighting Power Density,lighting_high,1.5× baseline,468.63,2021.3,64.932,6663.266,0.959,1.179
large_office,denver,5B,Lighting Power Density,lighting_low,0.5× baseline,508.97,1405.65,88.103,3587.185,1.042,0.82
large_office,denver,5B,Occupancy Density,people_high,2.0× baseline,472.46,1983.3,62.881,5830.386,0.967,1.157
large_office,denver,5B,Occupancy Density,people_low,0.5× baseline,495.18,1577.64,82.383,4777.743,1.014,0.921
large_office,denver,5B,Operating Schedule,sched_5day,5-day week,488.43,1713.81,74.762,5122.804,1.0,1.0
large_office,denver,5B,Operating Schedule,sched_extended,Extended hours (1.25×),488.43,1713.81,74.762,5122.804,1.0,1.0
large_office,denver,5B,Window-to-Wall Ratio,wwr_10pct,10%,356.69,1427.85,30.084,4526.01,0.73,0.833
large_office,denver,5B,Window-to-Wall Ratio,wwr_30pct,30%,389.76,1543.25,44.836,4771.921,0.798,0.9
large_office,denver,5B,Window-to-Wall Ratio,wwr_50pct,50%,460.71,1662.79,65.597,5024.027,0.943,0.97
large_office,denver,5B,Window-to-Wall Ratio,wwr_70pct,70%,529.25,1793.43,90.807,5280.155,1.084,1.046
large_office,denver,5B,Window-to-Wall Ratio,wwr_90pct,90%,592.86,1923.59,120.026,5539.154,1.214,1.122
large_office,miami,1A,Window-to-Wall Ratio,wwr_20pct,20% (baseline),21.34,1865.12,0.062,6981.497,1.0,1.0
large_office,miami,1A,Glazing Type,glaz_double_low_e,"Double low-E (post-2000, baseline)",21.34,1865.12,0.062,6981.497,1.0,1.0
large_office,miami,1A,Infiltration,infil_standard,Standard (baseline),21.34,1865.12,0.062,6981.497,1.0,1.0
large_office,miami,1A,Equipment Power Density,equip_high,2.0× baseline,21.34,1865.12,0.062,6981.497,1.0,1.0
large_office,miami,1A,Equipment Power Density,equip_low,0.5× baseline,21.34,1865.12,0.062,6981.497,1.0,1.0
large_office,miami,1A,Glazing Type,glaz_double_pane,Double clear pane (pre-2000),43.36,2180.35,0.126,7890.281,2.032,1.169
large_office,miami,1A,Glazing Type,glaz_single_pane,Single pane (pre-1980),134.2,2372.02,0.819,8327.492,6.289,1.272
large_office,miami,1A,Glazing Type,glaz_triple_low_e,Triple low-E (post-2010),5.32,1716.6,0.012,6504.158,0.249,0.92
large_office,miami,1A,Infiltration,infil_leaky,Leaky (older/poor construction),61.32,1890.99,0.233,7041.361,2.873,1.014
large_office,miami,1A,Infiltration,infil_tight,Tight (new construction),8.41,1851.89,0.027,6939.267,0.394,0.993
large_office,miami,1A,Lighting Power Density,lighting_high,1.5× baseline,16.39,2166.69,0.049,8546.325,0.768,1.162
large_office,miami,1A,Lighting Power Density,lighting_low,0.5× baseline,26.44,1565.78,0.079,5417.907,1.239,0.84
large_office,miami,1A,Occupancy Density,people_high,2.0× baseline,17.3,2130.26,0.05,7721.1,0.811,1.142
large_office,miami,1A,Occupancy Density,people_low,0.5× baseline,23.28,1732.62,0.069,6612.121,1.091,0.929
large_office,miami,1A,Operating Schedule,sched_5day,5-day week,21.34,1865.12,0.062,6981.497,1.0,1.0
large_office,miami,1A,Operating Schedule,sched_extended,Extended hours (1.25×),21.34,1865.12,0.062,6981.497,1.0,1.0
large_office,miami,1A,Window-to-Wall Ratio,wwr_10pct,10%,12.99,1677.43,0.057,6355.592,0.609,0.899
large_office,miami,1A,Window-to-Wall Ratio,wwr_30pct,30%,16.04,1753.77,0.055,6617.05,0.752,0.94
large_office,miami,1A,Window-to-Wall Ratio,wwr_50pct,50%,19.37,1832.49,0.059,6879.65,0.908,0.983
large_office,miami,1A,Window-to-Wall Ratio,wwr_70pct,70%,24.37,1917.4,0.069,7143.329,1.142,1.028
large_office,miami,1A,Window-to-Wall Ratio,wwr_90pct,90%,31.5,2034.31,0.086,7408.471,1.476,1.091
medium_office,albuquerque,4B,Window-to-Wall Ratio,wwr_20pct,20% (baseline),65.11,174.63,3.724,336.86,1.0,1.0
medium_office,albuquerque,4B,Glazing Type,glaz_single_pane,Single pane (pre-1980),92.43,243.89,11.066,492.83,1.42,1.397
medium_office,albuquerque,4B,Glazing Type,glaz_triple_low_e,Triple low-E (post-2010),44.54,148.54,2.222,294.751,0.684,0.851
medium_office,albuquerque,4B,Infiltration,infil_leaky,Leaky (older/poor construction),82.11,174.7,5.353,323.389,1.261,1.0
medium_office,albuquerque,4B,Infiltration,infil_tight,Tight (new construction),54.7,174.73,3.113,344.78,0.84,1.001
medium_office,albuquerque,4B,Window-to-Wall Ratio,wwr_10pct,10%,57.0,135.49,3.238,246.537,0.875,0.776
medium_office,albuquerque,4B,Window-to-Wall Ratio,wwr_30pct,30%,61.14,156.87,3.27,294.369,0.939,0.898
medium_office,albuquerque,4B,Window-to-Wall Ratio,wwr_50pct,50%,65.23,177.23,3.778,342.366,1.002,1.015
medium_office,albuquerque,4B,Window-to-Wall Ratio,wwr_70pct,70%,69.34,197.0,4.658,390.177,1.065,1.128
medium_office,albuquerque,4B,Window-to-Wall Ratio,wwr_90pct,90%,73.15,216.08,5.796,437.584,1.123,1.237
medium_office,albuquerque,4B,Glazing Type,glaz_double_pane,Double clear pane (pre-2000),59.3,216.98,3.585,465.494,0.911,1.243
medium_office,atlanta,3A,Window-to-Wall Ratio,wwr_20pct,20% (baseline),121.76,175.49,7.688,346.153,1.0,1.0
medium_office,atlanta,3A,Glazing Type,glaz_single_pane,Single pane (pre-1980),156.17,242.89,15.554,486.476,1.283,1.384
medium_office,atlanta,3A,Glazing Type,glaz_triple_low_e,Triple low-E (post-2010),96.54,152.03,4.675,303.796,0.793,0.866
medium_office,atlanta,3A,Infiltration,infil_leaky,Leaky (older/poor construction),138.49,177.52,11.333,338.233,1.137,1.012
medium_office,atlanta,3A,Infiltration,infil_tight,Tight (new construction),111.96,174.47,6.019,350.55,0.92,0.994
medium_office,atlanta,3A,Window-to-Wall Ratio,wwr_10pct,10%,117.11,142.77,7.868,264.529,0.962,0.814
medium_office,atlanta,3A,Window-to-Wall Ratio,wwr_30pct,30%,117.47,160.6,7.628,307.935,0.965,0.915
medium_office,atlanta,3A,Window-to-Wall Ratio,wwr_50pct,50%,122.13,177.59,7.694,351.205,1.003,1.012
medium_office,atlanta,3A,Window-to-Wall Ratio,wwr_70pct,70%,126.71,194.6,7.98,394.145,1.041,1.109
medium_office,atlanta,3A,Window-to-Wall Ratio,wwr_90pct,90%,130.87,212.22,8.455,436.62,1.075,1.209
medium_office,atlanta,3A,Glazing Type,glaz_double_pane,Double clear pane (pre-2000),124.37,215.43,7.229,454.381,1.021,1.228
medium_office,buffalo,5A,Window-to-Wall Ratio,wwr_20pct,20% (baseline),179.44,159.11,39.781,212.424,1.0,1.0
medium_office,buffalo,5A,Glazing Type,glaz_single_pane,Single pane (pre-1980),212.45,222.03,81.096,288.959,1.184,1.395
medium_office,buffalo,5A,Glazing Type,glaz_triple_low_e,Triple low-E (post-2010),166.68,137.71,22.806,196.378,0.929,0.866
medium_office,buffalo,5A,Infiltration,infil_leaky,Leaky (older/poor construction),184.37,161.07,58.045,199.277,1.027,1.012
medium_office,buffalo,5A,Infiltration,infil_tight,Tight (new construction),177.2,158.11,31.694,220.379,0.988,0.994
medium_office,buffalo,5A,Window-to-Wall Ratio,wwr_10pct,10%,168.12,124.75,27.346,167.849,0.937,0.784
medium_office,buffalo,5A,Window-to-Wall Ratio,wwr_30pct,30%,174.66,143.91,33.713,191.264,0.973,0.904
medium_office,buffalo,5A,Window-to-Wall Ratio,wwr_50pct,50%,180.19,161.28,40.511,215.324,1.004,1.014
medium_office,buffalo,5A,Window-to-Wall Ratio,wwr_70pct,70%,185.94,178.87,47.782,239.581,1.036,1.124
medium_office,buffalo,5A,Window-to-Wall Ratio,wwr_90pct,90%,192.44,196.82,55.336,263.945,1.072,1.237
medium_office,buffalo,5A,Glazing Type,glaz_double_pane,Double clear pane (pre-2000),185.87,199.11,42.391,283.979,1.036,1.251
medium_office,denver,5B,Window-to-Wall Ratio,wwr_20pct,20% (baseline),129.53,171.68,17.141,270.405,1.0,1.0
medium_office,denver,5B,Glazing Type,glaz_single_pane,Single pane (pre-1980),190.24,243.16,43.154,396.717,1.469,1.416
medium_office,denver,5B,Glazing Type,glaz_triple_low_e,Triple low-E (post-2010),89.94,144.52,8.419,240.504,0.694,0.842
medium_office,denver,5B,Infiltration,infil_leaky,Leaky (older/poor construction),142.01,171.43,23.467,255.905,1.096,0.999
medium_office,denver,5B,Infiltration,infil_tight,Tight (new construction),121.91,171.8,14.35,279.213,0.941,1.001
medium_office,denver,5B,Window-to-Wall Ratio,wwr_10pct,10%,119.93,130.59,11.82,198.074,0.926,0.761
medium_office,denver,5B,Window-to-Wall Ratio,wwr_30pct,30%,114.59,153.2,14.16,235.983,0.885,0.892
medium_office,denver,5B,Window-to-Wall Ratio,wwr_50pct,50%,130.98,174.14,17.46,274.889,1.011,1.014
medium_office,denver,5B,Window-to-Wall Ratio,wwr_70pct,70%,144.67,194.2,21.709,314.107,1.117,1.131
medium_office,denver,5B,Window-to-Wall Ratio,wwr_90pct,90%,156.42,213.58,26.555,353.44,1.208,1.244
medium_office,denver,5B,Glazing Type,glaz_double_pane,Double clear pane (pre-2000),141.47,214.29,18.475,380.059,1.092,1.248
medium_office,el_paso,3B,Window-to-Wall Ratio,wwr_20pct,20% (baseline),41.41,186.63,1.679,404.472,1.0,1.0
medium_office,el_paso,3B,Glazing Type,glaz_single_pane,Single pane (pre-1980),75.02,253.99,4.141,590.034,1.812,1.361
medium_office,el_paso,3B,Glazing Type,glaz_triple_low_e,Triple low-E (post-2010),26.78,161.06,1.148,346.545,0.647,0.863
medium_office,el_paso,3B,Infiltration,infil_leaky,Leaky (older/poor construction),46.84,187.59,2.175,396.386,1.131,1.005
medium_office,el_paso,3B,Infiltration,infil_tight,Tight (new construction),38.68,186.16,1.477,409.331,0.934,0.997
medium_office,el_paso,3B,Window-to-Wall Ratio,wwr_10pct,10%,35.24,152.35,1.893,298.408,0.851,0.816
medium_office,el_paso,3B,Window-to-Wall Ratio,wwr_30pct,30%,37.96,170.92,1.699,354.742,0.917,0.916
medium_office,el_paso,3B,Window-to-Wall Ratio,wwr_50pct,50%,41.63,188.74,1.67,410.906,1.005,1.011
medium_office,el_paso,3B,Window-to-Wall Ratio,wwr_70pct,70%,45.74,206.06,1.732,466.472,1.105,1.104
medium_office,el_paso,3B,Window-to-Wall Ratio,wwr_90pct,90%,49.89,222.95,1.863,521.185,1.205,1.195
medium_office,el_paso,3B,Glazing Type,glaz_double_pane,Double clear pane (pre-2000),45.21,225.6,1.541,543.42,1.092,1.209
medium_office,fairbanks,8,Window-to-Wall Ratio,wwr_20pct,20% (baseline),236.28,148.39,147.22,155.024,1.0,1.0
medium_office,fairbanks,8,Glazing Type,glaz_single_pane,Single pane (pre-1980),307.99,217.45,288.889,224.776,1.303,1.465
medium_office,fairbanks,8,Glazing Type,glaz_triple_low_e,Triple low-E (post-2010),211.56,123.61,83.58,141.949,0.895,0.833
medium_office,fairbanks,8,Infiltration,infil_leaky,Leaky (older/poor construction),243.25,147.62,161.757,144.805,1.029,0.995
medium_office,fairbanks,8,Infiltration,infil_tight,Tight (new construction),232.49,148.77,140.208,161.052,0.984,1.003
medium_office,fairbanks,8,Window-to-Wall Ratio,wwr_10pct,10%,210.22,106.87,82.624,118.161,0.89,0.72
medium_office,fairbanks,8,Window-to-Wall Ratio,wwr_30pct,30%,223.21,129.34,116.746,136.882,0.945,0.872
medium_office,fairbanks,8,Window-to-Wall Ratio,wwr_50pct,50%,238.18,151.33,151.068,157.369,1.008,1.02
medium_office,fairbanks,8,Window-to-Wall Ratio,wwr_70pct,70%,257.15,172.27,185.839,178.759,1.088,1.161
medium_office,fairbanks,8,Window-to-Wall Ratio,wwr_90pct,90%,275.15,192.45,220.937,200.649,1.165,1.297
medium_office,fairbanks,8,Glazing Type,glaz_double_pane,Double clear pane (pre-2000),252.82,194.72,178.584,222.218,1.07,1.312
medium_office,great_falls,6B,Window-to-Wall Ratio,wwr_20pct,20% (baseline),210.61,178.8,42.809,210.337,1.0,1.0
medium_office,great_falls,6B,Glazing Type,glaz_single_pane,Single pane (pre-1980),274.31,255.6,88.612,305.073,1.302,1.43
medium_office,great_falls,6B,Glazing Type,glaz_triple_low_e,Triple low-E (post-2010),173.17,149.46,23.758,190.169,0.822,0.836
medium_office,great_falls,6B,Infiltration,infil_leaky,Leaky (older/poor construction),220.27,178.72,57.58,193.349,1.046,1.0
medium_office,great_falls,6B,Infiltration,infil_tight,Tight (new construction),205.02,178.83,36.08,220.947,0.973,1.0
medium_office,great_falls,6B,Window-to-Wall Ratio,wwr_10pct,10%,175.92,133.81,28.411,156.477,0.835,0.748
medium_office,great_falls,6B,Window-to-Wall Ratio,wwr_30pct,30%,195.32,158.68,35.573,184.498,0.927,0.887
medium_office,great_falls,6B,Window-to-Wall Ratio,wwr_50pct,50%,212.14,181.68,43.603,213.636,1.007,1.016
medium_office,great_falls,6B,Window-to-Wall Ratio,wwr_70pct,70%,228.07,203.62,52.343,243.303,1.083,1.139
medium_office,great_falls,6B,Window-to-Wall Ratio,wwr_90pct,90%,243.35,224.76,61.65,273.364,1.155,1.257
medium_office,great_falls,6B,Glazing Type,glaz_double_pane,Double clear pane (pre-2000),224.65,224.02,46.077,298.413,1.067,1.253
medium_office,international_falls,7,Window-to-Wall Ratio,wwr_20pct,20% (baseline),240.85,164.29,92.109,179.819,1.0,1.0
medium_office,international_falls,7,Glazing Type,glaz_single_pane,Single pane (pre-1980),308.84,231.45,175.77,251.746,1.282,1.409
medium_office,international_falls,7,Glazing Type,glaz_triple_low_e,Triple low-E (post-2010),220.88,138.93,55.196,166.045,0.917,0.846
medium_office,international_falls,7,Infiltration,infil_leaky,Leaky (older/poor construction),249.75,164.55,115.716,169.771,1.037,1.002
medium_office,international_falls,7,Infiltration,infil_tight,Tight (new construction),236.08,164.14,80.97,185.941,0.98,0.999
medium_office,international_falls,7,Window-to-Wall Ratio,wwr_10pct,10%,224.16,123.72,61.962,140.059,0.931,0.753
medium_office,international_falls,7,Window-to-Wall Ratio,wwr_30pct,30%,233.12,146.0,77.599,160.647,0.968,0.889
medium_office,international_falls,7,Window-to-Wall Ratio,wwr_50pct,50%,241.23,166.88,93.835,182.369,1.002,1.016
medium_office,international_falls,7,Window-to-Wall Ratio,wwr_70pct,70%,257.29,186.72,110.713,204.856,1.068,1.137
medium_office,international_falls,7,Window-to-Wall Ratio,wwr_90pct,90%,256.45,10.02,4.963,0.022,1.065,0.061
medium_office,international_falls,7,Glazing Type,glaz_double_pane,Double clear pane (pre-2000),254.52,206.55,101.009,248.358,1.057,1.257
medium_office,miami,1A,Window-to-Wall Ratio,wwr_20pct,20% (baseline),12.53,193.83,0.126,544.382,1.0,1.0
medium_office,miami,1A,Glazing Type,glaz_single_pane,Single pane (pre-1980),14.33,259.34,0.122,739.125,1.144,1.338
medium_office,miami,1A,Glazing Type,glaz_triple_low_e,Triple low-E (post-2010),12.53,169.71,0.134,475.024,1.0,0.876
medium_office,miami,1A,Infiltration,infil_leaky,Leaky (older/poor construction),13.39,196.88,0.138,551.039,1.069,1.016
medium_office,miami,1A,Infiltration,infil_tight,Tight (new construction),12.29,192.28,0.121,539.487,0.981,0.992
medium_office,miami,1A,Window-to-Wall Ratio,wwr_10pct,10%,13.65,162.71,0.169,441.491,1.089,0.839
medium_office,miami,1A,Window-to-Wall Ratio,wwr_30pct,30%,12.98,178.71,0.143,496.616,1.036,0.922
medium_office,miami,1A,Window-to-Wall Ratio,wwr_50pct,50%,12.43,195.97,0.123,550.619,0.992,1.011
medium_office,miami,1A,Window-to-Wall Ratio,wwr_70pct,70%,12.2,212.89,0.108,603.599,0.974,1.098
medium_office,miami,1A,Window-to-Wall Ratio,wwr_90pct,90%,11.8,229.25,0.096,655.606,0.942,1.183
medium_office,miami,1A,Glazing Type,glaz_double_pane,Double clear pane (pre-2000),11.27,232.68,0.089,674.603,0.899,1.2
medium_office,new_york,4A,Window-to-Wall Ratio,wwr_20pct,20% (baseline),214.35,176.55,18.501,268.885,1.0,1.0
medium_office,new_york,4A,Glazing Type,glaz_single_pane,Single pane (pre-1980),237.5,243.62,42.205,371.72,1.108,1.38
medium_office,new_york,4A,Glazing Type,glaz_triple_low_e,Triple low-E (post-2010),199.75,150.37,11.048,242.907,0.932,0.852
medium_office,new_york,4A,Infiltration,infil_leaky,Leaky (older/poor construction),223.87,178.6,28.707,256.59,1.044,1.012
medium_office,new_york,4A,Infiltration,infil_tight,Tight (new construction),204.88,175.5,14.278,276.316,0.956,0.994
medium_office,new_york,4A,Window-to-Wall Ratio,wwr_10pct,10%,205.89,135.53,14.075,208.337,0.961,0.768
medium_office,new_york,4A,Window-to-Wall Ratio,wwr_30pct,30%,210.54,158.18,16.153,240.319,0.982,0.896
medium_office,new_york,4A,Window-to-Wall Ratio,wwr_50pct,50%,214.62,179.06,18.78,272.672,1.001,1.014
medium_office,new_york,4A,Window-to-Wall Ratio,wwr_70pct,70%,218.42,198.88,21.983,305.061,1.019,1.126
medium_office,new_york,4A,Window-to-Wall Ratio,wwr_90pct,90%,219.11,217.86,25.52,337.406,1.022,1.234
medium_office,new_york,4A,Glazing Type,glaz_double_pane,Double clear pane (pre-2000),209.66,217.84,18.993,357.095,0.978,1.234
medium_office,port_angeles,5C,Window-to-Wall Ratio,wwr_20pct,20% (baseline),119.93,145.89,9.066,205.317,1.0,1.0
medium_office,port_angeles,5C,Glazing Type,glaz_single_pane,Single pane (pre-1980),121.59,212.13,27.407,269.817,1.014,1.454
medium_office,port_angeles,5C,Glazing Type,glaz_triple_low_e,Triple low-E (post-2010),79.04,125.76,4.818,201.404,0.659,0.862
medium_office,port_angeles,5C,Infiltration,infil_leaky,Leaky (older/poor construction),137.27,144.09,11.039,193.561,1.145,0.988
medium_office,port_angeles,5C,Infiltration,infil_tight,Tight (new construction),110.34,147.28,8.19,211.979,0.92,1.01
medium_office,port_angeles,5C,Window-to-Wall Ratio,wwr_10pct,10%,129.19,109.63,6.226,169.235,1.077,0.751
medium_office,port_angeles,5C,Window-to-Wall Ratio,wwr_30pct,30%,123.53,129.88,7.285,187.643,1.03,0.89
medium_office,port_angeles,5C,Window-to-Wall Ratio,wwr_50pct,50%,119.02,148.41,9.259,207.633,0.992,1.017
medium_office,port_angeles,5C,Window-to-Wall Ratio,wwr_70pct,70%,114.47,168.54,12.118,228.654,0.954,1.155
medium_office,port_angeles,5C,Window-to-Wall Ratio,wwr_90pct,90%,113.57,187.72,15.728,250.315,0.947,1.287
medium_office,port_angeles,5C,Glazing Type,glaz_double_pane,Double clear pane (pre-2000),83.31,192.62,10.057,278.354,0.695,1.32
medium_office,rochester,6A,Window-to-Wall Ratio,wwr_20pct,20% (baseline),217.42,167.88,73.592,204.93,1.0,1.0
medium_office,rochester,6A,Glazing Type,glaz_single_pane,Single pane (pre-1980),274.61,236.57,138.376,287.846,1.263,1.409
medium_office,rochester,6A,Glazing Type,glaz_triple_low_e,Triple low-E (post-2010),186.82,141.55,45.375,185.501,0.859,0.843
medium_office,rochester,6A,Infiltration,infil_leaky,Leaky (older/poor construction),241.16,168.88,102.644,191.645,1.109,1.006
medium_office,rochester,6A,Infiltration,infil_tight,Tight (new construction),203.06,167.35,60.128,213.14,0.934,0.997
medium_office,rochester,6A,Window-to-Wall Ratio,wwr_10pct,10%,191.49,126.33,51.631,157.261,0.881,0.753
medium_office,rochester,6A,Window-to-Wall Ratio,wwr_30pct,30%,205.64,149.38,62.899,182.321,0.946,0.89
medium_office,rochester,6A,Window-to-Wall Ratio,wwr_50pct,50%,218.43,170.5,74.775,208.011,1.005,1.016
medium_office,rochester,6A,Window-to-Wall Ratio,wwr_70pct,70%,230.7,190.34,87.137,234.037,1.061,1.134
medium_office,rochester,6A,Window-to-Wall Ratio,wwr_90pct,90%,242.22,209.42,99.83,260.321,1.114,1.247
medium_office,rochester,6A,Glazing Type,glaz_double_pane,Double clear pane (pre-2000),223.63,210.48,79.094,280.259,1.029,1.254
medium_office,san_diego,3C,Window-to-Wall Ratio,wwr_20pct,20% (baseline),12.68,178.99,0.277,355.616,1.0,1.0
medium_office,san_diego,3C,Glazing Type,glaz_single_pane,Single pane (pre-1980),17.19,258.68,0.406,504.471,1.356,1.445
medium_office,san_diego,3C,Glazing Type,glaz_triple_low_e,Triple low-E (post-2010),11.02,149.8,0.3,312.421,0.869,0.837
medium_office,san_diego,3C,Infiltration,infil_leaky,Leaky (older/poor construction),15.15,178.1,0.336,347.436,1.195,0.995
medium_office,san_diego,3C,Infiltration,infil_tight,Tight (new construction),11.71,180.66,0.256,360.004,0.924,1.009
medium_office,san_diego,3C,Window-to-Wall Ratio,wwr_10pct,10%,16.9,136.03,0.514,264.37,1.333,0.76
medium_office,san_diego,3C,Window-to-Wall Ratio,wwr_30pct,30%,14.38,159.1,0.357,312.971,1.134,0.889
medium_office,san_diego,3C,Window-to-Wall Ratio,wwr_50pct,50%,12.58,181.79,0.267,361.251,0.992,1.016
medium_office,san_diego,3C,Window-to-Wall Ratio,wwr_70pct,70%,11.24,203.6,0.213,408.924,0.886,1.137
medium_office,san_diego,3C,Window-to-Wall Ratio,wwr_90pct,90%,10.07,224.83,0.18,455.95,0.794,1.256
medium_office,san_diego,3C,Glazing Type,glaz_double_pane,Double clear pane (pre-2000),8.37,228.95,0.136,478.665,0.66,1.279
medium_office,seattle,4C,Window-to-Wall Ratio,wwr_20pct,20% (baseline),152.77,161.4,9.845,218.477,1.0,1.0
medium_office,seattle,4C,Glazing Type,glaz_single_pane,Single pane (pre-1980),169.61,230.0,27.448,288.293,1.11,1.425
medium_office,seattle,4C,Glazing Type,glaz_triple_low_e,Triple low-E (post-2010),142.6,136.32,5.453,208.64,0.933,0.845
medium_office,seattle,4C,Infiltration,infil_leaky,Leaky (older/poor construction),156.75,160.57,13.532,203.344,1.026,0.995
medium_office,seattle,4C,Infiltration,infil_tight,Tight (new construction),150.7,161.82,8.379,227.265,0.986,1.003
medium_office,seattle,4C,Window-to-Wall Ratio,wwr_10pct,10%,144.96,120.72,6.524,176.903,0.949,0.748
medium_office,seattle,4C,Window-to-Wall Ratio,wwr_30pct,30%,149.22,142.99,7.94,198.46,0.977,0.886
medium_office,seattle,4C,Window-to-Wall Ratio,wwr_50pct,50%,153.25,164.02,10.073,221.147,1.003,1.016
medium_office,seattle,4C,Window-to-Wall Ratio,wwr_70pct,70%,157.09,184.46,12.802,244.228,1.028,1.143
medium_office,seattle,4C,Window-to-Wall Ratio,wwr_90pct,90%,160.07,204.14,15.886,267.611,1.048,1.265
medium_office,seattle,4C,Glazing Type,glaz_double_pane,Double clear pane (pre-2000),156.86,205.59,11.381,290.706,1.027,1.274
medium_office,tampa,2A,Window-to-Wall Ratio,wwr_20pct,20% (baseline),30.46,191.92,0.799,475.938,1.0,1.0
medium_office,tampa,2A,Glazing Type,glaz_single_pane,Single pane (pre-1980),59.11,262.09,1.28,656.036,1.941,1.366
medium_office,tampa,2A,Glazing Type,glaz_triple_low_e,Triple low-E (post-2010),25.18,164.81,0.782,414.504,0.827,0.859
medium_office,tampa,2A,Infiltration,infil_leaky,Leaky (older/poor construction),36.01,195.8,0.91,476.985,1.182,1.02
medium_office,tampa,2A,Infiltration,infil_tight,Tight (new construction),29.34,189.95,0.76,474.589,0.963,0.99
medium_office,tampa,2A,Window-to-Wall Ratio,wwr_10pct,10%,31.88,154.02,0.966,374.729,1.047,0.803
medium_office,tampa,2A,Window-to-Wall Ratio,wwr_30pct,30%,29.63,174.12,0.849,428.888,0.973,0.907
medium_office,tampa,2A,Window-to-Wall Ratio,wwr_50pct,50%,30.42,194.35,0.788,482.135,0.999,1.013
medium_office,tampa,2A,Window-to-Wall Ratio,wwr_70pct,70%,31.69,213.7,0.76,534.398,1.04,1.113
medium_office,tampa,2A,Window-to-Wall Ratio,wwr_90pct,90%,33.43,232.46,0.752,585.793,1.098,1.211
medium_office,tampa,2A,Glazing Type,glaz_double_pane,Double clear pane (pre-2000),32.09,234.5,0.675,603.104,1.054,1.222
medium_office,tucson,2B,Window-to-Wall Ratio,wwr_20pct,20% (baseline),26.15,194.9,0.952,480.912,1.0,1.0
medium_office,tucson,2B,Glazing Type,glaz_single_pane,Single pane (pre-1980),39.42,267.39,1.316,692.418,1.507,1.372
medium_office,tucson,2B,Glazing Type,glaz_triple_low_e,Triple low-E (post-2010),21.98,168.82,0.923,410.234,0.841,0.866
medium_office,tucson,2B,Infiltration,infil_leaky,Leaky (older/poor construction),28.37,196.62,1.046,475.951,1.085,1.009
medium_office,tucson,2B,Infiltration,infil_tight,Tight (new construction),25.38,194.04,0.914,484.119,0.971,0.996
medium_office,tucson,2B,Window-to-Wall Ratio,wwr_10pct,10%,42.11,162.11,1.179,364.847,1.61,0.832
medium_office,tucson,2B,Window-to-Wall Ratio,wwr_30pct,30%,25.85,179.21,1.022,426.711,0.989,0.919
medium_office,tucson,2B,Window-to-Wall Ratio,wwr_50pct,50%,25.89,197.07,0.935,487.856,0.99,1.011
medium_office,tucson,2B,Window-to-Wall Ratio,wwr_70pct,70%,26.29,215.0,0.879,548.368,1.005,1.103
medium_office,tucson,2B,Window-to-Wall Ratio,wwr_90pct,90%,26.9,234.31,0.852,607.801,1.029,1.202
medium_office,tucson,2B,Glazing Type,glaz_double_pane,Double clear pane (pre-2000),25.47,237.13,0.757,628.5,0.974,1.217
small_office,albuquerque,4B,Window-to-Wall Ratio,wwr_20pct,20% (baseline),20.98,22.88,1.188,21.01,1.0,1.0
small_office,albuquerque,4B,Glazing Type,glaz_single_pane,Single pane (pre-1980),20.53,29.8,1.427,32.396,0.979,1.302
small_office,albuquerque,4B,Glazing Type,glaz_triple_low_e,Triple low-E (post-2010),19.74,19.53,0.988,17.687,0.941,0.854
small_office,albuquerque,4B,Infiltration,infil_leaky,Leaky (older/poor construction),24.83,22.82,1.689,20.098,1.184,0.997
small_office,albuquerque,4B,Infiltration,infil_tight,Tight (new construction),18.37,22.59,0.962,21.567,0.876,0.987
small_office,albuquerque,4B,Window-to-Wall Ratio,wwr_10pct,10%,21.58,20.37,1.298,17.822,1.029,0.89
small_office,albuquerque,4B,Window-to-Wall Ratio,wwr_30pct,30%,20.39,26.79,1.19,26.004,0.972,1.171
small_office,albuquerque,4B,Window-to-Wall Ratio,wwr_50pct,50%,20.04,30.13,1.342,34.124,0.955,1.317
small_office,albuquerque,4B,Window-to-Wall Ratio,wwr_70pct,70%,20.21,31.92,1.595,41.662,0.963,1.395
small_office,albuquerque,4B,Window-to-Wall Ratio,wwr_90pct,90%,21.86,33.67,1.996,46.56,1.042,1.472
small_office,albuquerque,4B,Glazing Type,glaz_double_pane,Double clear pane (pre-2000),16.08,28.37,0.72,30.19,0.766,1.24
small_office,atlanta,3A,Window-to-Wall Ratio,wwr_20pct,20% (baseline),30.15,27.37,2.022,24.042,1.0,1.0
small_office,atlanta,3A,Glazing Type,glaz_single_pane,Single pane (pre-1980),32.44,31.78,2.304,33.951,1.076,1.161
small_office,atlanta,3A,Glazing Type,glaz_triple_low_e,Triple low-E (post-2010),29.54,24.71,1.8,20.96,0.98,0.903
small_office,atlanta,3A,Infiltration,infil_leaky,Leaky (older/poor construction),31.93,28.34,2.621,23.585,1.059,1.035
small_office,atlanta,3A,Infiltration,infil_tight,Tight (new construction),29.78,26.45,1.743,24.281,0.988,0.966
small_office,atlanta,3A,Window-to-Wall Ratio,wwr_10pct,10%,30.06,25.6,2.109,21.259,0.997,0.935
small_office,atlanta,3A,Window-to-Wall Ratio,wwr_30pct,30%,30.47,29.23,1.977,28.409,1.011,1.068
small_office,atlanta,3A,Window-to-Wall Ratio,wwr_50pct,50%,31.31,31.65,1.991,35.48,1.038,1.156
small_office,atlanta,3A,Window-to-Wall Ratio,wwr_70pct,70%,32.14,32.57,2.1,42.06,1.066,1.19
small_office,atlanta,3A,Window-to-Wall Ratio,wwr_90pct,90%,33.14,33.54,2.36,46.514,1.099,1.225
small_office,atlanta,3A,Glazing Type,glaz_double_pane,Double clear pane (pre-2000),29.87,31.33,1.615,31.473,0.991,1.145
small_office,buffalo,5A,Window-to-Wall Ratio,wwr_20pct,20% (baseline),35.98,18.79,8.634,11.106,1.0,1.0
small_office,buffalo,5A,Glazing Type,glaz_single_pane,Single pane (pre-1980),40.24,30.48,11.382,16.394,1.118,1.622
small_office,buffalo,5A,Glazing Type,glaz_triple_low_e,Triple low-E (post-2010),33.7,14.05,7.044,9.606,0.937,0.748
small_office,buffalo,5A,Infiltration,infil_leaky,Leaky (older/poor construction),40.17,18.53,11.249,10.506,1.116,0.986
small_office,buffalo,5A,Infiltration,infil_tight,Tight (new construction),34.47,18.75,7.385,11.467,0.958,0.998
small_office,buffalo,5A,Window-to-Wall Ratio,wwr_10pct,10%,34.59,14.87,7.997,9.677,0.961,0.791
small_office,buffalo,5A,Window-to-Wall Ratio,wwr_30pct,30%,37.28,24.89,9.262,13.83,1.036,1.325
small_office,buffalo,5A,Window-to-Wall Ratio,wwr_50pct,50%,39.55,31.73,10.732,17.855,1.099,1.689
small_office,buffalo,5A,Window-to-Wall Ratio,wwr_70pct,70%,42.27,35.77,12.39,21.35,1.175,1.904
small_office,buffalo,5A,Window-to-Wall Ratio,wwr_90pct,90%,44.33,38.01,14.463,23.436,1.232,2.023
small_office,buffalo,5A,Glazing Type,glaz_double_pane,Double clear pane (pre-2000),36.51,27.55,7.994,15.593,1.015,1.466
small_office,denver,5B,Window-to-Wall Ratio,wwr_20pct,20% (baseline),31.31,17.4,4.468,14.705,1.0,1.0
small_office,denver,5B,Glazing Type,glaz_single_pane,Single pane (pre-1980),35.35,24.04,5.791,23.807,1.129,1.382
small_office,denver,5B,Glazing Type,glaz_triple_low_e,Triple low-E (post-2010),28.84,14.74,3.638,12.117,0.921,0.847
small_office,denver,5B,Infiltration,infil_leaky,Leaky (older/poor construction),32.93,17.03,5.62,13.883,1.052,0.979
small_office,denver,5B,Infiltration,infil_tight,Tight (new construction),30.44,17.7,3.924,15.21,0.972,1.017
small_office,denver,5B,Window-to-Wall Ratio,wwr_10pct,10%,30.11,15.23,4.307,12.249,0.962,0.875
small_office,denver,5B,Window-to-Wall Ratio,wwr_30pct,30%,32.57,20.62,4.743,18.768,1.04,1.185
small_office,denver,5B,Window-to-Wall Ratio,wwr_50pct,50%,34.89,25.16,5.532,25.353,1.114,1.446
small_office,denver,5B,Window-to-Wall Ratio,wwr_70pct,70%,37.01,28.88,6.55,31.554,1.182,1.66
small_office,denver,5B,Window-to-Wall Ratio,wwr_90pct,90%,39.08,32.13,7.914,35.634,1.248,1.847
small_office,denver,5B,Glazing Type,glaz_double_pane,Double clear pane (pre-2000),31.49,21.94,3.61,22.186,1.006,1.261
small_office,el_paso,3B,Window-to-Wall Ratio,wwr_20pct,20% (baseline),7.75,28.54,0.445,29.071,1.0,1.0
small_office,el_paso,3B,Glazing Type,glaz_single_pane,Single pane (pre-1980),10.45,32.17,0.507,42.586,1.348,1.127
small_office,el_paso,3B,Glazing Type,glaz_triple_low_e,Triple low-E (post-2010),6.98,26.97,0.395,24.851,0.901,0.945
small_office,el_paso,3B,Infiltration,infil_leaky,Leaky (older/poor construction),9.38,28.93,0.629,28.482,1.21,1.014
small_office,el_paso,3B,Infiltration,infil_tight,Tight (new construction),7.33,28.18,0.363,29.438,0.946,0.987
small_office,el_paso,3B,Window-to-Wall Ratio,wwr_10pct,10%,7.86,27.52,0.513,25.241,1.014,0.964
small_office,el_paso,3B,Window-to-Wall Ratio,wwr_30pct,30%,8.23,30.06,0.408,34.725,1.062,1.053
small_office,el_paso,3B,Window-to-Wall Ratio,wwr_50pct,50%,9.23,32.39,0.414,44.208,1.191,1.135
small_office,el_paso,3B,Window-to-Wall Ratio,wwr_70pct,70%,10.82,34.44,0.471,53.099,1.396,1.207
small_office,el_paso,3B,Window-to-Wall Ratio,wwr_90pct,90%,12.89,36.29,0.585,59.151,1.663,1.272
small_office,el_paso,3B,Glazing Type,glaz_double_pane,Double clear pane (pre-2000),7.26,31.53,0.247,39.077,0.937,1.105
small_office,fairbanks,8,Window-to-Wall Ratio,wwr_20pct,20% (baseline),43.59,13.15,24.599,6.787,1.0,1.0
small_office,fairbanks,8,Glazing Type,glaz_single_pane,Single pane (pre-1980),49.57,21.74,35.951,12.233,1.137,1.653
small_office,fairbanks,8,Glazing Type,glaz_triple_low_e,Triple low-E (post-2010),40.41,10.43,18.972,5.302,0.927,0.793
small_office,fairbanks,8,Infiltration,infil_leaky,Leaky (older/poor construction),44.24,12.93,26.555,6.206,1.015,0.983
small_office,fairbanks,8,Infiltration,infil_tight,Tight (new construction),43.26,13.26,23.644,7.146,0.992,1.008
small_office,fairbanks,8,Window-to-Wall Ratio,wwr_10pct,10%,41.55,10.63,21.151,5.223,0.953,0.808
small_office,fairbanks,8,Window-to-Wall Ratio,wwr_30pct,30%,45.79,16.53,28.68,8.91,1.05,1.257
small_office,fairbanks,8,Window-to-Wall Ratio,wwr_50pct,50%,48.85,21.55,36.24,12.654,1.121,1.639
small_office,fairbanks,8,Window-to-Wall Ratio,wwr_70pct,70%,52.34,25.69,43.767,16.287,1.201,1.954
small_office,fairbanks,8,Window-to-Wall Ratio,wwr_90pct,90%,55.62,28.01,51.318,18.415,1.276,2.13
small_office,fairbanks,8,Glazing Type,glaz_double_pane,Double clear pane (pre-2000),44.88,20.24,26.444,11.504,1.03,1.539
small_office,great_falls,6B,Window-to-Wall Ratio,wwr_20pct,20% (baseline),40.39,18.74,9.745,9.917,1.0,1.0
small_office,great_falls,6B,Glazing Type,glaz_single_pane,Single pane (pre-1980),45.85,26.92,12.406,16.433,1.135,1.436
small_office,great_falls,6B,Glazing Type,glaz_triple_low_e,Triple low-E (post-2010),37.36,15.19,8.11,8.132,0.925,0.811
small_office,great_falls,6B,Infiltration,infil_leaky,Leaky (older/poor construction),42.02,18.64,12.089,9.122,1.04,0.995
small_office,great_falls,6B,Infiltration,infil_tight,Tight (new construction),39.53,18.79,8.607,10.423,0.979,1.003
small_office,great_falls,6B,Window-to-Wall Ratio,wwr_10pct,10%,38.68,15.67,9.208,8.186,0.958,0.836
small_office,great_falls,6B,Window-to-Wall Ratio,wwr_30pct,30%,42.14,22.5,10.379,12.892,1.043,1.201
small_office,great_falls,6B,Window-to-Wall Ratio,wwr_50pct,50%,45.33,27.75,11.938,17.785,1.122,1.481
small_office,great_falls,6B,Window-to-Wall Ratio,wwr_70pct,70%,48.27,31.84,13.758,22.282,1.195,1.699
small_office,great_falls,6B,Window-to-Wall Ratio,wwr_90pct,90%,51.02,34.47,15.998,25.099,1.263,1.839
small_office,great_falls,6B,Glazing Type,glaz_double_pane,Double clear pane (pre-2000),41.47,24.24,8.711,15.387,1.027,1.293
small_office,international_falls,7,Window-to-Wall Ratio,wwr_20pct,20% (baseline),42.56,14.88,17.896,8.314,1.0,1.0
small_office,international_falls,7,Glazing Type,glaz_single_pane,Single pane (pre-1980),48.46,25.28,23.72,13.18,1.139,1.699
small_office,international_falls,7,Glazing Type,glaz_triple_low_e,Triple low-E (post-2010),39.42,12.1,14.728,6.975,0.926,0.813
small_office,international_falls,7,Infiltration,infil_leaky,Leaky (older/poor construction),43.96,14.9,21.004,7.867,1.033,1.001
small_office,international_falls,7,Infiltration,infil_tight,Tight (new construction),41.84,14.87,16.374,8.575,0.983,0.999
small_office,international_falls,7,Window-to-Wall Ratio,wwr_10pct,10%,40.76,12.73,16.461,6.991,0.958,0.856
small_office,international_falls,7,Window-to-Wall Ratio,wwr_30pct,30%,44.46,19.97,19.518,10.656,1.045,1.342
small_office,international_falls,7,Window-to-Wall Ratio,wwr_50pct,50%,47.93,26.09,22.819,14.373,1.126,1.753
small_office,international_falls,7,Window-to-Wall Ratio,wwr_70pct,70%,50.43,29.89,26.324,17.737,1.185,2.009
small_office,international_falls,7,Window-to-Wall Ratio,wwr_90pct,90%,53.44,31.8,30.339,19.725,1.256,2.137
small_office,international_falls,7,Glazing Type,glaz_double_pane,Double clear pane (pre-2000),43.76,23.31,17.351,12.454,1.028,1.567
small_office,miami,1A,Window-to-Wall Ratio,wwr_20pct,20% (baseline),0.0,38.76,0.0,48.821,,1.0
small_office,miami,1A,Glazing Type,glaz_single_pane,Single pane (pre-1980),0.0,38.2,0.0,63.662,,0.986
small_office,miami,1A,Glazing Type,glaz_triple_low_e,Triple low-E (post-2010),0.0,37.61,0.0,43.718,,0.97
small_office,miami,1A,Infiltration,infil_leaky,Leaky (older/poor construction),0.04,40.72,0.0,49.277,,1.051
small_office,miami,1A,Infiltration,infil_tight,Tight (new construction),0.0,36.22,0.0,48.418,,0.934
small_office,miami,1A,Window-to-Wall Ratio,wwr_10pct,10%,0.0,38.2,0.0,44.62,,0.986
small_office,miami,1A,Window-to-Wall Ratio,wwr_30pct,30%,0.0,38.17,0.0,54.901,,0.985
small_office,miami,1A,Window-to-Wall Ratio,wwr_50pct,50%,0.0,37.64,0.0,64.815,,0.971
small_office,miami,1A,Window-to-Wall Ratio,wwr_70pct,70%,0.0,39.06,0.0,73.894,,1.008
small_office,miami,1A,Window-to-Wall Ratio,wwr_90pct,90%,0.0,39.53,0.0,80.149,,1.02
small_office,miami,1A,Glazing Type,glaz_double_pane,Double clear pane (pre-2000),0.0,37.28,0.0,58.836,,0.962
small_office,new_york,4A,Window-to-Wall Ratio,wwr_20pct,20% (baseline),38.22,26.4,4.504,16.815,1.0,1.0
small_office,new_york,4A,Glazing Type,glaz_single_pane,Single pane (pre-1980),40.85,34.97,5.924,24.271,1.069,1.325
small_office,new_york,4A,Glazing Type,glaz_triple_low_e,Triple low-E (post-2010),36.73,21.22,3.648,14.529,0.961,0.804
small_office,new_york,4A,Infiltration,infil_leaky,Leaky (older/poor construction),39.29,25.53,6.194,16.281,1.028,0.967
small_office,new_york,4A,Infiltration,infil_tight,Tight (new construction),37.65,26.37,3.721,17.129,0.985,0.999
small_office,new_york,4A,Window-to-Wall Ratio,wwr_10pct,10%,37.54,22.61,4.329,14.75,0.982,0.856
small_office,new_york,4A,Window-to-Wall Ratio,wwr_30pct,30%,38.93,31.53,4.72,20.368,1.019,1.194
small_office,new_york,4A,Window-to-Wall Ratio,wwr_50pct,50%,40.16,35.19,5.31,25.846,1.051,1.333
small_office,new_york,4A,Window-to-Wall Ratio,wwr_70pct,70%,41.43,36.33,6.032,30.821,1.084,1.376
small_office,new_york,4A,Window-to-Wall Ratio,wwr_90pct,90%,42.64,36.37,7.034,34.024,1.116,1.378
small_office,new_york,4A,Glazing Type,glaz_double_pane,Double clear pane (pre-2000),38.4,33.32,3.842,22.748,1.005,1.262
small_office,port_angeles,5C,Window-to-Wall Ratio,wwr_20pct,20% (baseline),29.8,12.95,3.261,8.495,1.0,1.0
small_office,port_angeles,5C,Glazing Type,glaz_single_pane,Single pane (pre-1980),26.35,19.47,4.834,13.685,0.884,1.503
small_office,port_angeles,5C,Glazing Type,glaz_triple_low_e,Triple low-E (post-2010),30.62,10.62,2.268,7.21,1.028,0.82
small_office,port_angeles,5C,Infiltration,infil_leaky,Leaky (older/poor construction),30.76,12.62,3.728,7.771,1.032,0.975
small_office,port_angeles,5C,Infiltration,infil_tight,Tight (new construction),29.59,13.12,3.038,8.913,0.993,1.013
small_office,port_angeles,5C,Window-to-Wall Ratio,wwr_10pct,10%,30.99,11.08,2.848,7.054,1.04,0.856
small_office,port_angeles,5C,Window-to-Wall Ratio,wwr_30pct,30%,27.9,16.71,3.734,11.069,0.936,1.29
small_office,port_angeles,5C,Window-to-Wall Ratio,wwr_50pct,50%,26.06,21.02,4.68,15.026,0.874,1.623
small_office,port_angeles,5C,Window-to-Wall Ratio,wwr_70pct,70%,27.89,24.14,5.694,18.473,0.936,1.864
small_office,port_angeles,5C,Window-to-Wall Ratio,wwr_90pct,90%,29.46,25.97,6.894,20.214,0.989,2.005
small_office,port_angeles,5C,Glazing Type,glaz_double_pane,Double clear pane (pre-2000),25.06,17.91,2.902,13.47,0.841,1.383
small_office,rochester,6A,Window-to-Wall Ratio,wwr_20pct,20% (baseline),41.59,17.16,14.529,10.656,1.0,1.0
small_office,rochester,6A,Glazing Type,glaz_single_pane,Single pane (pre-1980),46.08,29.01,18.769,16.253,1.108,1.691
small_office,rochester,6A,Glazing Type,glaz_triple_low_e,Triple low-E (post-2010),39.01,14.06,12.198,9.028,0.938,0.819
small_office,rochester,6A,Infiltration,infil_leaky,Leaky (older/poor construction),44.55,16.62,18.401,10.064,1.071,0.969
small_office,rochester,6A,Infiltration,infil_tight,Tight (new construction),39.98,16.87,12.652,11.018,0.961,0.983
small_office,rochester,6A,Window-to-Wall Ratio,wwr_10pct,10%,40.2,14.69,13.548,9.128,0.967,0.856
small_office,rochester,6A,Window-to-Wall Ratio,wwr_30pct,30%,42.92,22.2,15.567,13.43,1.032,1.294
small_office,rochester,6A,Window-to-Wall Ratio,wwr_50pct,50%,45.49,30.69,17.841,17.69,1.094,1.788
small_office,rochester,6A,Window-to-Wall Ratio,wwr_70pct,70%,47.9,35.75,20.356,21.494,1.152,2.083
small_office,rochester,6A,Window-to-Wall Ratio,wwr_90pct,90%,50.16,38.65,23.36,23.845,1.206,2.252
small_office,rochester,6A,Glazing Type,glaz_double_pane,Double clear pane (pre-2000),41.14,25.56,13.799,15.295,0.989,1.49
small_office,san_diego,3C,Window-to-Wall Ratio,wwr_20pct,20% (baseline),5.28,19.76,0.055,22.482,1.0,1.0
small_office,san_diego,3C,Glazing Type,glaz_single_pane,Single pane (pre-1980),3.84,28.32,0.057,33.505,0.727,1.433
small_office,san_diego,3C,Glazing Type,glaz_triple_low_e,Triple low-E (post-2010),5.7,16.3,0.056,19.249,1.08,0.825
small_office,san_diego,3C,Infiltration,infil_leaky,Leaky (older/poor construction),9.23,19.54,0.094,21.774,1.748,0.989
small_office,san_diego,3C,Infiltration,infil_tight,Tight (new construction),4.22,19.96,0.042,22.886,0.799,1.01
small_office,san_diego,3C,Window-to-Wall Ratio,wwr_10pct,10%,8.21,16.99,0.077,19.212,1.555,0.86
small_office,san_diego,3C,Window-to-Wall Ratio,wwr_30pct,30%,3.97,23.14,0.043,27.391,0.752,1.171
small_office,san_diego,3C,Window-to-Wall Ratio,wwr_50pct,50%,2.91,28.38,0.036,35.414,0.551,1.436
small_office,san_diego,3C,Window-to-Wall Ratio,wwr_70pct,70%,3.1,32.98,0.04,42.786,0.587,1.669
small_office,san_diego,3C,Window-to-Wall Ratio,wwr_90pct,90%,3.77,35.24,0.056,47.564,0.714,1.783
small_office,san_diego,3C,Glazing Type,glaz_double_pane,Double clear pane (pre-2000),2.06,25.47,0.021,31.484,0.39,1.289
small_office,seattle,4C,Window-to-Wall Ratio,wwr_20pct,20% (baseline),31.72,16.1,3.096,10.541,1.0,1.0
small_office,seattle,4C,Glazing Type,glaz_single_pane,Single pane (pre-1980),33.34,23.48,4.536,15.959,1.051,1.458
small_office,seattle,4C,Glazing Type,glaz_triple_low_e,Triple low-E (post-2010),30.86,13.25,2.25,9.145,0.973,0.823
small_office,seattle,4C,Infiltration,infil_leaky,Leaky (older/poor construction),32.57,15.84,3.947,9.683,1.027,0.984
small_office,seattle,4C,Infiltration,infil_tight,Tight (new construction),31.19,16.24,2.698,11.067,0.983,1.009
small_office,seattle,4C,Window-to-Wall Ratio,wwr_10pct,10%,31.26,13.81,2.779,9.01,0.985,0.858
small_office,seattle,4C,Window-to-Wall Ratio,wwr_30pct,30%,32.05,19.76,3.451,13.241,1.01,1.227
small_office,seattle,4C,Window-to-Wall Ratio,wwr_50pct,50%,32.89,24.58,4.192,17.401,1.037,1.527
small_office,seattle,4C,Window-to-Wall Ratio,wwr_70pct,70%,33.59,28.32,4.968,21.024,1.059,1.759
small_office,seattle,4C,Window-to-Wall Ratio,wwr_90pct,90%,34.1,30.25,5.873,23.004,1.075,1.879
small_office,seattle,4C,Glazing Type,glaz_double_pane,Double clear pane (pre-2000),31.98,21.31,2.862,15.514,1.008,1.324
small_office,tampa,2A,Window-to-Wall Ratio,wwr_20pct,20% (baseline),3.7,35.11,0.029,40.323,1.0,1.0
small_office,tampa,2A,Glazing Type,glaz_single_pane,Single pane (pre-1980),3.5,39.68,0.04,53.885,0.946,1.13
small_office,tampa,2A,Glazing Type,glaz_triple_low_e,Triple low-E (post-2010),3.25,36.24,0.027,35.78,0.878,1.032
small_office,tampa,2A,Infiltration,infil_leaky,Leaky (older/poor construction),4.99,38.34,0.044,40.337,1.349,1.092
small_office,tampa,2A,Infiltration,infil_tight,Tight (new construction),3.05,32.56,0.023,40.228,0.824,0.927
small_office,tampa,2A,Window-to-Wall Ratio,wwr_10pct,10%,4.03,35.82,0.033,36.407,1.089,1.02
small_office,tampa,2A,Window-to-Wall Ratio,wwr_30pct,30%,3.3,34.5,0.025,45.995,0.892,0.983
small_office,tampa,2A,Window-to-Wall Ratio,wwr_50pct,50%,2.6,39.83,0.026,55.29,0.703,1.134
small_office,tampa,2A,Window-to-Wall Ratio,wwr_70pct,70%,2.99,37.16,0.032,63.809,0.808,1.058
small_office,tampa,2A,Window-to-Wall Ratio,wwr_90pct,90%,3.99,38.52,0.05,69.582,1.078,1.097
small_office,tampa,2A,Glazing Type,glaz_double_pane,Double clear pane (pre-2000),2.09,34.96,0.015,49.959,0.565,0.996
small_office,tucson,2B,Window-to-Wall Ratio,wwr_20pct,20% (baseline),4.16,30.58,0.039,38.987,1.0,1.0
small_office,tucson,2B,Glazing Type,glaz_single_pane,Single pane (pre-1980),4.11,33.53,0.04,54.875,0.988,1.096
small_office,tucson,2B,Glazing Type,glaz_triple_low_e,Triple low-E (post-2010),4.89,29.57,0.043,33.758,1.175,0.967
small_office,tucson,2B,Infiltration,infil_leaky,Leaky (older/poor construction),6.0,31.57,0.064,38.45,1.442,1.032
small_office,tucson,2B,Infiltration,infil_tight,Tight (new construction),2.65,30.12,0.029,39.339,0.637,0.985
small_office,tucson,2B,Window-to-Wall Ratio,wwr_10pct,10%,5.99,29.72,0.056,34.403,1.44,0.972
small_office,tucson,2B,Window-to-Wall Ratio,wwr_30pct,30%,3.12,31.61,0.03,45.394,0.75,1.034
small_office,tucson,2B,Window-to-Wall Ratio,wwr_50pct,50%,3.24,33.64,0.029,56.149,0.779,1.1
small_office,tucson,2B,Window-to-Wall Ratio,wwr_70pct,70%,3.87,37.15,0.038,66.193,0.93,1.215
small_office,tucson,2B,Window-to-Wall Ratio,wwr_90pct,90%,4.84,39.42,0.058,73.41,1.163,1.289
small_office,tucson,2B,Glazing Type,glaz_double_pane,Double clear pane (pre-2000),2.53,34.53,0.012,50.211,0.608,1.129
