city,climate_zone,building,param,level,u_factor,shgc,annual_heat_mult,annual_cool_mult,peak_heat_mult,peak_cool_mult,annual_heat_MWh,annual_cool_MWh,delta_heat_MWh,delta_cool_MWh,heat_degenerate
miami,1A,small_office,shgc_sweep,shgc_020,2.06120838,0.2,242.8059,0.8819,236.2592,0.9648,0.0,43.056,0.0,-5.765,True
miami,1A,small_office,shgc_sweep,shgc_030,2.06120838,0.3,18.0039,0.9478,9.9749,0.9948,0.0,46.271,0.0,-2.55,True
miami,1A,small_office,shgc_sweep,shgc_040,2.06120838,0.4,9.3551,1.0147,0.3809,0.9993,0.0,49.537,0.0,0.716,True
miami,1A,small_office,shgc_sweep,shgc_055,2.06120838,0.55,11.733,1.1161,0.4346,0.975,0.0,54.491,0.0,5.67,True
miami,1A,small_office,shgc_sweep,shgc_070,2.06120838,0.7,14.0544,1.2197,0.4808,0.9853,0.0,59.547,0.0,10.726,True
miami,1A,small_office,u_sweep,u_080,0.8,0.378,10.3155,1.0163,0.3819,1.0014,0.0,49.615,0.0,0.794,True
miami,1A,small_office,u_sweep,u_140,1.4,0.378,9.5586,1.0055,0.3765,1.0009,0.0,49.091,0.0,0.27,True
miami,1A,small_office,u_sweep,u_270,2.7,0.378,23.407,0.9929,14.517,0.9988,0.0,48.475,0.0,-0.346,True
miami,1A,small_office,u_sweep,u_400,4.0,0.378,328.8265,1.0017,320.4429,0.997,0.0,48.902,0.0,0.081,True
miami,1A,small_office,u_sweep,u_580,5.8,0.378,750.8595,1.0177,742.8403,0.9968,0.001,49.683,0.001,0.862,True
tampa,2A,small_office,shgc_sweep,shgc_020,2.06120838,0.2,2.1596,0.8584,1.5255,1.0132,0.063,34.615,0.034,-5.708,True
tampa,2A,small_office,shgc_sweep,shgc_030,2.06120838,0.3,1.3759,0.9375,1.2316,1.0083,0.04,37.801,0.011,-2.522,True
tampa,2A,small_office,shgc_sweep,shgc_040,2.06120838,0.4,0.8973,1.0177,0.9301,0.9976,0.026,41.038,-0.003,0.715,True
tampa,2A,small_office,shgc_sweep,shgc_055,2.06120838,0.55,0.4739,1.1407,0.5393,0.9831,0.014,45.995,-0.015,5.672,True
tampa,2A,small_office,shgc_sweep,shgc_070,2.06120838,0.7,0.2375,1.2665,0.3335,1.0075,0.007,51.07,-0.022,10.747,True
tampa,2A,small_office,u_sweep,u_080,0.8,0.378,0.3479,1.0348,0.4135,1.0013,0.01,41.726,-0.019,1.403,True
tampa,2A,small_office,u_sweep,u_140,1.4,0.378,0.6204,1.014,0.6785,1.0014,0.018,40.886,-0.011,0.563,True
tampa,2A,small_office,u_sweep,u_270,2.7,0.378,1.4715,0.9857,1.3017,0.9991,0.043,39.747,0.014,-0.576,True
tampa,2A,small_office,u_sweep,u_400,4.0,0.378,2.8467,0.9868,1.7517,0.9979,0.083,39.79,0.054,-0.533,True
tampa,2A,small_office,u_sweep,u_580,5.8,0.378,5.3527,0.9963,2.5738,0.9856,0.155,40.173,0.126,-0.15,True
atlanta,3A,small_office,shgc_sweep,shgc_020,2.06120838,0.2,1.3759,0.8191,1.0234,0.8801,2.782,19.694,0.76,-4.348,False
atlanta,3A,small_office,shgc_sweep,shgc_030,2.06120838,0.3,1.1489,0.9186,1.0087,0.9533,2.323,22.084,0.301,-1.958,False
atlanta,3A,small_office,shgc_sweep,shgc_040,2.06120838,0.4,0.9628,1.0236,0.9964,1.011,1.947,24.608,-0.075,0.566,False
atlanta,3A,small_office,shgc_sweep,shgc_055,2.06120838,0.55,0.7426,1.1889,0.9788,1.0751,1.501,28.583,-0.521,4.541,False
atlanta,3A,small_office,shgc_sweep,shgc_070,2.06120838,0.7,0.5709,1.3644,0.9217,1.1624,1.154,32.803,-0.868,8.761,False
atlanta,3A,small_office,u_sweep,u_080,0.8,0.378,0.5844,1.0707,0.8895,1.0281,1.182,25.743,-0.84,1.701,False
atlanta,3A,small_office,u_sweep,u_140,1.4,0.378,0.7916,1.0294,0.978,1.012,1.601,24.749,-0.421,0.707,False
atlanta,3A,small_office,u_sweep,u_270,2.7,0.378,1.2053,0.9741,1.0293,0.9878,2.437,23.419,0.415,-0.623,False
atlanta,3A,small_office,u_sweep,u_400,4.0,0.378,1.5577,0.9653,1.0883,1.0062,3.15,23.208,1.128,-0.834,False
atlanta,3A,small_office,u_sweep,u_580,5.8,0.378,1.9855,0.9685,1.1454,0.9906,4.015,23.285,1.993,-0.757,False
san_diego,3C,small_office,shgc_sweep,shgc_020,2.06120838,0.2,3.0591,0.7466,2.2984,0.813,0.168,16.785,0.113,-5.697,True
san_diego,3C,small_office,shgc_sweep,shgc_030,2.06120838,0.3,1.6581,0.887,1.6666,0.9201,0.091,19.94,0.036,-2.542,True
san_diego,3C,small_office,shgc_sweep,shgc_040,2.06120838,0.4,0.8735,1.0323,0.9148,1.0217,0.048,23.207,-0.007,0.725,True
san_diego,3C,small_office,shgc_sweep,shgc_055,2.06120838,0.55,0.357,1.2587,0.447,1.1652,0.02,28.297,-0.035,5.815,True
san_diego,3C,small_office,shgc_sweep,shgc_070,2.06120838,0.7,0.1298,1.4927,0.2395,1.297,0.007,33.558,-0.048,11.076,True
san_diego,3C,small_office,u_sweep,u_080,0.8,0.378,0.2504,1.1307,0.36,1.0123,0.014,25.421,-0.041,2.939,True
san_diego,3C,small_office,u_sweep,u_140,1.4,0.378,0.5276,1.0577,0.6361,1.0018,0.029,23.779,-0.026,1.297,True
san_diego,3C,small_office,u_sweep,u_270,2.7,0.378,1.7109,0.9486,1.6612,0.9946,0.094,21.325,0.039,-1.157,True
san_diego,3C,small_office,u_sweep,u_400,4.0,0.378,3.2889,0.9068,2.1973,1.0202,0.181,20.387,0.126,-2.095,True
san_diego,3C,small_office,u_sweep,u_580,5.8,0.378,5.7943,0.8768,2.8726,1.06,0.319,19.713,0.264,-2.769,True
new_york,4A,small_office,shgc_sweep,shgc_020,2.06120838,0.2,1.339,0.7937,1.0132,0.7994,6.031,13.345,1.527,-3.47,False
new_york,4A,small_office,shgc_sweep,shgc_030,2.06120838,0.3,1.1367,0.906,1.006,0.9122,5.12,15.235,0.616,-1.58,False
new_york,4A,small_office,shgc_sweep,shgc_040,2.06120838,0.4,0.9644,1.0272,0.9983,1.0262,4.344,17.273,-0.16,0.458,False
new_york,4A,small_office,shgc_sweep,shgc_055,2.06120838,0.55,0.7539,1.2235,0.9835,1.1668,3.395,20.572,-1.109,3.757,False
new_york,4A,small_office,shgc_sweep,shgc_070,2.06120838,0.7,0.5927,1.4371,0.9647,1.2775,2.67,24.164,-1.834,7.349,False
new_york,4A,small_office,u_sweep,u_080,0.8,0.378,0.5412,1.1053,0.9425,1.0136,2.438,18.586,-2.066,1.771,False
new_york,4A,small_office,u_sweep,u_140,1.4,0.378,0.7606,1.0427,0.9724,1.0025,3.426,17.534,-1.078,0.719,False
new_york,4A,small_office,u_sweep,u_270,2.7,0.378,1.2322,0.9642,1.0235,0.9934,5.55,16.212,1.046,-0.603,False
new_york,4A,small_office,u_sweep,u_400,4.0,0.378,1.6311,0.944,1.0645,1.0097,7.347,15.873,2.843,-0.942,False
new_york,4A,small_office,u_sweep,u_580,5.8,0.378,2.1078,0.9356,1.1097,1.0281,9.493,15.732,4.989,-1.083,False
denver,5B,small_office,shgc_sweep,shgc_020,2.06120838,0.2,1.4436,0.7138,1.0349,0.8207,6.45,10.497,1.982,-4.208,False
denver,5B,small_office,shgc_sweep,shgc_030,2.06120838,0.3,1.1713,0.8675,1.0168,0.9234,5.233,12.757,0.765,-1.948,False
denver,5B,small_office,shgc_sweep,shgc_040,2.06120838,0.4,0.9566,1.039,0.9949,1.0214,4.274,15.278,-0.194,0.573,False
denver,5B,small_office,shgc_sweep,shgc_055,2.06120838,0.55,0.7053,1.3273,0.9599,1.1564,3.151,19.518,-1.317,4.813,False
denver,5B,small_office,shgc_sweep,shgc_070,2.06120838,0.7,0.5336,1.6459,0.9241,1.2823,2.384,24.203,-2.084,9.498,False
denver,5B,small_office,u_sweep,u_080,0.8,0.378,0.4828,1.1718,0.856,1.0317,2.157,17.231,-2.311,2.526,False
denver,5B,small_office,u_sweep,u_140,1.4,0.378,0.7301,1.0706,0.9374,1.0116,3.262,15.744,-1.206,1.039,False
denver,5B,small_office,u_sweep,u_270,2.7,0.378,1.2647,0.943,1.0491,0.9869,5.651,13.866,1.183,-0.839,False
denver,5B,small_office,u_sweep,u_400,4.0,0.378,1.7234,0.9027,1.1224,0.994,7.7,13.274,3.232,-1.431,False
denver,5B,small_office,u_sweep,u_580,5.8,0.378,2.2694,0.8817,1.1929,1.0421,10.14,12.965,5.672,-1.74,False
buffalo,5A,small_office,shgc_sweep,shgc_020,2.06120838,0.2,1.2152,0.7521,1.023,0.7041,10.492,8.353,1.858,-2.753,False
buffalo,5A,small_office,shgc_sweep,shgc_030,2.06120838,0.3,1.0894,0.8874,1.0107,0.8717,9.406,9.855,0.772,-1.251,False
buffalo,5A,small_office,shgc_sweep,shgc_040,2.06120838,0.4,0.9762,1.0327,0.9971,1.0359,8.428,11.469,-0.206,0.363,False
buffalo,5A,small_office,shgc_sweep,shgc_055,2.06120838,0.55,0.8265,1.2678,0.9738,1.2782,7.136,14.08,-1.498,2.974,False
buffalo,5A,small_office,shgc_sweep,shgc_070,2.06120838,0.7,0.7022,1.5238,0.9654,1.5155,6.063,16.923,-2.571,5.817,False
buffalo,5A,small_office,u_sweep,u_080,0.8,0.378,0.6211,1.1567,0.9331,1.0546,5.363,12.846,-3.271,1.74,False
buffalo,5A,small_office,u_sweep,u_140,1.4,0.378,0.808,1.0661,0.9536,1.0205,6.976,11.84,-1.658,0.734,False
buffalo,5A,small_office,u_sweep,u_270,2.7,0.378,1.1787,0.9456,1.0409,0.9765,10.177,10.502,1.543,-0.604,False
buffalo,5A,small_office,u_sweep,u_400,4.0,0.378,1.4814,0.9005,1.1045,0.9838,12.79,10.001,4.156,-1.105,False
buffalo,5A,small_office,u_sweep,u_580,5.8,0.378,1.8349,0.8689,1.1897,1.0021,15.842,9.65,7.208,-1.456,False
international_falls,7,small_office,shgc_sweep,shgc_020,2.06120838,0.2,1.155,0.7001,1.0124,0.7953,20.669,5.82,2.773,-2.494,False
international_falls,7,small_office,shgc_sweep,shgc_030,2.06120838,0.3,1.0654,0.8629,1.0055,0.9106,19.066,7.175,1.17,-1.139,False
international_falls,7,small_office,shgc_sweep,shgc_040,2.06120838,0.4,0.9824,1.0404,0.9983,1.0249,17.581,8.65,-0.315,0.336,False
international_falls,7,small_office,shgc_sweep,shgc_055,2.06120838,0.55,0.8694,1.3286,0.985,1.3437,15.559,11.046,-2.337,2.732,False
international_falls,7,small_office,shgc_sweep,shgc_070,2.06120838,0.7,0.7695,1.6444,0.9703,1.6585,13.77,13.671,-4.126,5.357,False
international_falls,7,small_office,u_sweep,u_080,0.8,0.378,0.6704,1.1908,0.9053,1.0484,11.998,9.9,-5.898,1.586,False
international_falls,7,small_office,u_sweep,u_140,1.4,0.378,0.8356,1.0813,0.955,1.0031,14.954,8.99,-2.942,0.676,False
international_falls,7,small_office,u_sweep,u_270,2.7,0.378,1.1496,0.932,1.0376,0.9925,20.573,7.749,2.677,-0.565,False
international_falls,7,small_office,u_sweep,u_400,4.0,0.378,1.4001,0.879,1.1026,1.0176,25.056,7.308,7.16,-1.006,False
international_falls,7,small_office,u_sweep,u_580,5.8,0.378,1.6888,0.8437,1.1722,1.0565,30.224,7.015,12.328,-1.299,False
miami,1A,medium_office,shgc_sweep,shgc_020,2.06120838,0.2,1.3769,0.8587,1.1166,0.8888,0.173,467.483,0.047,-76.899,True
miami,1A,medium_office,shgc_sweep,shgc_030,2.06120838,0.3,1.1505,0.938,1.0504,0.9499,0.145,510.64,0.019,-33.742,True
miami,1A,medium_office,shgc_sweep,shgc_040,2.06120838,0.4,0.9589,1.0174,0.9872,1.014,0.121,553.867,-0.005,9.485,True
miami,1A,medium_office,shgc_sweep,shgc_055,2.06120838,0.55,0.7307,1.1357,0.901,1.1029,0.092,618.251,-0.034,73.869,True
miami,1A,medium_office,shgc_sweep,shgc_070,2.06120838,0.7,0.5539,1.2543,0.8443,1.1938,0.07,682.797,-0.056,138.415,True
miami,1A,medium_office,u_sweep,u_080,0.8,0.378,0.7254,1.0164,0.8843,0.9828,0.091,553.284,-0.035,8.902,True
miami,1A,medium_office,u_sweep,u_140,1.4,0.378,0.8607,1.0049,0.9464,0.9883,0.108,547.035,-0.018,2.653,True
miami,1A,medium_office,u_sweep,u_270,2.7,0.378,1.1475,0.9926,1.0738,1.0064,0.145,540.351,0.019,-4.031,True
miami,1A,medium_office,u_sweep,u_400,4.0,0.378,1.45,1.0038,1.3018,1.0431,0.183,546.468,0.057,2.086,True
miami,1A,medium_office,u_sweep,u_580,5.8,0.378,1.9343,1.0233,1.5628,1.0901,0.244,557.085,0.118,12.703,True
tampa,2A,medium_office,shgc_sweep,shgc_020,2.06120838,0.2,1.3722,0.8366,1.3092,0.8719,1.096,398.184,0.297,-77.754,False
tampa,2A,medium_office,shgc_sweep,shgc_030,2.06120838,0.3,1.1329,0.9281,1.0465,0.9447,0.905,441.731,0.106,-34.207,False
tampa,2A,medium_office,shgc_sweep,shgc_040,2.06120838,0.4,0.9671,1.0203,0.9886,1.0154,0.773,485.615,-0.026,9.677,False
tampa,2A,medium_office,shgc_sweep,shgc_055,2.06120838,0.55,0.784,1.1585,0.9126,1.1158,0.626,551.377,-0.173,75.439,False
tampa,2A,medium_office,shgc_sweep,shgc_070,2.06120838,0.7,0.6572,1.2975,0.8504,1.2168,0.525,617.508,-0.274,141.57,False
tampa,2A,medium_office,u_sweep,u_080,0.8,0.378,0.7448,1.0397,0.7225,0.9857,0.595,494.846,-0.204,18.908,False
tampa,2A,medium_office,u_sweep,u_140,1.4,0.378,0.8511,1.0156,0.8624,0.9898,0.68,483.369,-0.119,7.431,False
tampa,2A,medium_office,u_sweep,u_270,2.7,0.378,1.2168,0.9834,1.1695,1.0053,0.972,468.041,0.173,-7.897,False
tampa,2A,medium_office,u_sweep,u_400,4.0,0.378,1.8399,0.9835,1.661,1.0416,1.47,468.074,0.671,-7.864,False
tampa,2A,medium_office,u_sweep,u_580,5.8,0.378,3.117,0.9928,2.224,1.0883,2.491,472.503,1.692,-3.435,False
atlanta,3A,medium_office,shgc_sweep,shgc_020,2.06120838,0.2,1.4954,0.7989,1.0819,0.8811,11.537,276.295,3.822,-69.57,False
atlanta,3A,medium_office,shgc_sweep,shgc_030,2.06120838,0.3,1.1825,0.9108,1.0374,0.9484,9.123,315.001,1.408,-30.864,False
atlanta,3A,medium_office,shgc_sweep,shgc_040,2.06120838,0.4,0.9561,1.0254,0.9894,1.0144,7.376,354.663,-0.339,8.798,False
atlanta,3A,medium_office,shgc_sweep,shgc_055,2.06120838,0.55,0.6842,1.201,0.9059,1.1195,5.279,415.397,-2.436,69.532,False
atlanta,3A,medium_office,shgc_sweep,shgc_070,2.06120838,0.7,0.515,1.3803,0.8289,1.2295,3.973,477.414,-3.742,131.549,False
atlanta,3A,medium_office,u_sweep,u_080,0.8,0.378,0.3594,1.0974,0.6598,0.9897,2.773,379.546,-4.942,33.681,False
atlanta,3A,medium_office,u_sweep,u_140,1.4,0.378,0.6144,1.0409,0.8432,0.9894,4.74,360.016,-2.975,14.151,False
atlanta,3A,medium_office,u_sweep,u_270,2.7,0.378,1.417,0.9644,1.1124,1.0063,10.932,333.559,3.217,-12.306,False
atlanta,3A,medium_office,u_sweep,u_400,4.0,0.378,2.3279,0.9422,1.2771,1.0404,17.96,325.888,10.245,-19.977,False
atlanta,3A,medium_office,u_sweep,u_580,5.8,0.378,3.5642,0.9333,1.4308,1.102,27.498,322.806,19.783,-23.059,False
san_diego,3C,medium_office,shgc_sweep,shgc_020,2.06120838,0.2,2.1943,0.7657,1.9791,0.8337,0.608,272.281,0.331,-83.335,True
san_diego,3C,medium_office,shgc_sweep,shgc_030,2.06120838,0.3,1.3989,0.8964,1.2272,0.929,0.387,318.778,0.11,-36.838,True
san_diego,3C,medium_office,shgc_sweep,shgc_040,2.06120838,0.4,0.9163,1.0294,0.9536,1.0198,0.254,366.054,-0.023,10.438,True
san_diego,3C,medium_office,shgc_sweep,shgc_055,2.06120838,0.55,0.4789,1.2297,0.5812,1.151,0.133,437.311,-0.144,81.695,True
san_diego,3C,medium_office,shgc_sweep,shgc_070,2.06120838,0.7,0.2568,1.4319,0.5186,1.2794,0.071,509.222,-0.206,153.606,True
san_diego,3C,medium_office,u_sweep,u_080,0.8,0.378,0.444,1.1272,0.5173,0.9976,0.123,400.844,-0.154,45.228,True
san_diego,3C,medium_office,u_sweep,u_140,1.4,0.378,0.6911,1.0558,0.7181,0.9953,0.191,375.464,-0.086,19.848,True
san_diego,3C,medium_office,u_sweep,u_270,2.7,0.378,1.4586,0.9483,1.4047,0.9998,0.404,337.213,0.127,-18.403,True
san_diego,3C,medium_office,u_sweep,u_400,4.0,0.378,2.7715,0.9001,2.3063,1.0315,0.768,320.091,0.491,-35.525,True
san_diego,3C,medium_office,u_sweep,u_580,5.8,0.378,5.8487,0.8608,3.7449,1.0755,1.62,306.129,1.343,-49.487,True
new_york,4A,medium_office,shgc_sweep,shgc_020,2.06120838,0.2,1.4135,0.7783,1.0348,0.8577,26.15,209.271,7.649,-59.614,False
new_york,4A,medium_office,shgc_sweep,shgc_030,2.06120838,0.3,1.1575,0.9009,1.0169,0.9392,21.416,242.234,2.915,-26.651,False
new_york,4A,medium_office,shgc_sweep,shgc_040,2.06120838,0.4,0.9623,1.0284,0.9953,1.0168,17.803,276.532,-0.698,7.647,False
new_york,4A,medium_office,shgc_sweep,shgc_055,2.06120838,0.55,0.744,1.2263,0.943,1.1245,13.766,329.736,-4.735,60.851,False
new_york,4A,medium_office,shgc_sweep,shgc_070,2.06120838,0.7,0.592,1.4313,0.8814,1.233,10.952,384.86,-7.549,115.975,False
new_york,4A,medium_office,u_sweep,u_080,0.8,0.378,0.4064,1.1597,0.8683,0.9917,7.519,311.817,-10.982,42.932,False
new_york,4A,medium_office,u_sweep,u_140,1.4,0.378,0.6386,1.0671,0.9275,0.9922,11.815,286.935,-6.686,18.05,False
new_york,4A,medium_office,u_sweep,u_270,2.7,0.378,1.4351,0.9459,1.0476,1.0022,26.551,254.336,8.05,-14.549,False
new_york,4A,medium_office,u_sweep,u_400,4.0,0.378,2.3708,0.8995,1.1238,1.0343,43.863,241.864,25.362,-27.021,False
new_york,4A,medium_office,u_sweep,u_580,5.8,0.378,3.6632,0.8689,1.2086,1.0766,67.773,233.64,49.272,-35.245,False
denver,5B,medium_office,shgc_sweep,shgc_020,2.06120838,0.2,1.5258,0.7264,1.1068,0.8586,26.174,196.146,9.02,-73.887,False
denver,5B,medium_office,shgc_sweep,shgc_030,2.06120838,0.3,1.1874,0.8766,1.0275,0.9394,20.369,236.703,3.215,-33.33,False
denver,5B,medium_office,shgc_sweep,shgc_040,2.06120838,0.4,0.9547,1.0358,0.9919,1.0167,16.377,279.689,-0.777,9.656,False
denver,5B,medium_office,shgc_sweep,shgc_055,2.06120838,0.55,0.7241,1.2842,0.9353,1.1283,12.422,346.766,-4.732,76.733,False
denver,5B,medium_office,shgc_sweep,shgc_070,2.06120838,0.7,0.5792,1.5397,0.8841,1.2368,9.936,415.768,-7.218,145.735,False
denver,5B,medium_office,u_sweep,u_080,0.8,0.378,0.3079,1.2089,0.596,0.9796,5.281,326.439,-11.873,56.406,False
denver,5B,medium_office,u_sweep,u_140,1.4,0.378,0.5708,1.0888,0.8145,0.987,9.791,294.023,-7.363,23.99,False
denver,5B,medium_office,u_sweep,u_270,2.7,0.378,1.5215,0.9296,1.1291,1.0086,26.1,251.03,8.946,-19.003,False
denver,5B,medium_office,u_sweep,u_400,4.0,0.378,2.631,0.869,1.3046,1.0496,45.132,234.66,27.978,-35.373,False
denver,5B,medium_office,u_sweep,u_580,5.8,0.378,4.1583,0.8284,1.5402,1.1052,71.332,223.705,54.178,-46.328,False
buffalo,5A,medium_office,shgc_sweep,shgc_020,2.06120838,0.2,1.2872,0.7617,1.0155,0.8621,51.204,161.804,11.423,-50.62,False
buffalo,5A,medium_office,shgc_sweep,shgc_030,2.06120838,0.3,1.1159,0.8932,1.007,0.9416,44.391,189.738,4.61,-22.686,False
buffalo,5A,medium_office,shgc_sweep,shgc_040,2.06120838,0.4,0.9694,1.0307,0.9978,1.0161,38.565,218.95,-1.216,6.526,False
buffalo,5A,medium_office,shgc_sweep,shgc_055,2.06120838,0.55,0.7914,1.2445,0.9879,1.1373,31.485,264.364,-8.296,51.94,False
buffalo,5A,medium_office,shgc_sweep,shgc_070,2.06120838,0.7,0.6521,1.4681,0.9761,1.2591,25.94,311.865,-13.841,99.441,False
buffalo,5A,medium_office,u_sweep,u_080,0.8,0.378,0.3939,1.2062,0.908,1.0011,15.671,256.219,-24.11,43.795,False
buffalo,5A,medium_office,u_sweep,u_140,1.4,0.378,0.6618,1.0868,0.9585,0.9961,26.327,230.864,-13.454,18.44,False
buffalo,5A,medium_office,u_sweep,u_270,2.7,0.378,1.3523,0.93,1.0391,0.998,53.796,197.552,14.015,-14.872,False
buffalo,5A,medium_office,u_sweep,u_400,4.0,0.378,2.0276,0.8605,1.1361,1.0189,80.66,182.792,40.879,-29.632,False
buffalo,5A,medium_office,u_sweep,u_580,5.8,0.378,2.8825,0.8075,1.2839,1.0458,114.669,171.539,74.888,-40.885,False
international_falls,7,medium_office,shgc_sweep,shgc_020,2.06120838,0.2,1.2069,0.7373,1.0332,0.8393,111.168,132.587,19.059,-47.232,False
international_falls,7,medium_office,shgc_sweep,shgc_030,2.06120838,0.3,1.0843,0.8811,1.0144,0.9312,99.873,158.437,7.764,-21.382,False
international_falls,7,medium_office,shgc_sweep,shgc_040,2.06120838,0.4,0.9777,1.0345,0.995,1.019,90.054,186.025,-2.055,6.206,False
international_falls,7,medium_office,shgc_sweep,shgc_055,2.06120838,0.55,0.8417,1.2787,0.9646,1.1411,77.526,229.931,-14.583,50.112,False
international_falls,7,medium_office,shgc_sweep,shgc_070,2.06120838,0.7,0.7291,1.5362,0.9386,1.2625,67.154,276.24,-24.955,96.421,False
international_falls,7,medium_office,u_sweep,u_080,0.8,0.378,0.4417,1.2449,0.867,1.0021,40.682,223.863,-51.427,44.044,False
international_falls,7,medium_office,u_sweep,u_140,1.4,0.378,0.7021,1.1024,0.9375,0.9966,64.673,198.236,-27.436,18.417,False
international_falls,7,medium_office,u_sweep,u_270,2.7,0.378,1.2898,0.9208,1.0661,0.9967,118.806,165.586,26.697,-14.233,False
international_falls,7,medium_office,u_sweep,u_400,4.0,0.378,1.8153,0.8438,1.1957,1.023,167.204,151.737,75.095,-28.082,False
international_falls,7,medium_office,u_sweep,u_580,5.8,0.378,2.4531,0.7857,1.3388,1.0678,225.952,141.282,133.843,-38.537,False
miami,1A,large_office,shgc_sweep,shgc_020,2.06120838,0.2,1.4387,0.9226,1.33,0.9274,0.089,6440.848,0.027,-540.649,True
miami,1A,large_office,shgc_sweep,shgc_030,2.06120838,0.3,1.1676,0.9661,1.1316,0.9682,0.072,6744.572,0.01,-236.925,True
miami,1A,large_office,shgc_sweep,shgc_040,2.06120838,0.4,0.9678,1.0095,0.9644,1.0089,0.06,7048.121,-0.002,66.624,True
miami,1A,large_office,shgc_sweep,shgc_055,2.06120838,0.55,0.7373,1.0745,0.7425,1.079,0.046,7501.522,-0.016,520.025,True
miami,1A,large_office,shgc_sweep,shgc_070,2.06120838,0.7,0.5887,1.1394,0.6195,1.1754,0.037,7954.488,-0.025,972.991,True
miami,1A,large_office,u_sweep,u_080,0.8,0.378,0.1149,1.0106,0.1551,0.9925,0.007,7055.34,-0.055,73.843,True
miami,1A,large_office,u_sweep,u_140,1.4,0.378,0.342,1.0035,0.339,0.9947,0.021,7005.771,-0.041,24.274,True
miami,1A,large_office,u_sweep,u_270,2.7,0.378,2.2976,0.9953,2.1154,1.0027,0.142,6948.517,0.08,-32.98,True
miami,1A,large_office,u_sweep,u_400,4.0,0.378,7.5592,0.9995,4.4694,1.0222,0.469,6978.196,0.407,-3.301,True
miami,1A,large_office,u_sweep,u_580,5.8,0.378,20.5378,1.0075,7.6076,1.0483,1.273,7034.026,1.211,52.529,True
tampa,2A,large_office,shgc_sweep,shgc_020,2.06120838,0.2,1.6666,0.9114,1.6765,0.919,1.014,5840.129,0.406,-567.613,False
tampa,2A,large_office,shgc_sweep,shgc_030,2.06120838,0.3,1.2139,0.9611,1.2548,0.9624,0.738,6158.596,0.13,-249.146,False
tampa,2A,large_office,shgc_sweep,shgc_040,2.06120838,0.4,0.9497,1.0109,0.9398,1.0119,0.578,6477.864,-0.03,70.122,False
tampa,2A,large_office,shgc_sweep,shgc_055,2.06120838,0.55,0.6754,1.0857,0.5891,1.0916,0.411,6956.726,-0.197,548.984,False
tampa,2A,large_office,shgc_sweep,shgc_070,2.06120838,0.7,0.5141,1.1603,0.4686,1.1753,0.313,7435.079,-0.295,1027.337,False
tampa,2A,large_office,u_sweep,u_080,0.8,0.378,0.0793,1.0236,0.1528,0.9865,0.048,6559.231,-0.56,151.489,False
tampa,2A,large_office,u_sweep,u_140,1.4,0.378,0.3239,1.0095,0.3678,0.9894,0.197,6468.486,-0.411,60.744,False
tampa,2A,large_office,u_sweep,u_270,2.7,0.378,2.6046,0.9902,1.7228,1.0076,1.584,6344.735,0.976,-63.007,False
tampa,2A,large_office,u_sweep,u_400,4.0,0.378,9.7217,0.9877,3.4499,1.0414,5.913,6328.7,5.305,-79.042,False
tampa,2A,large_office,u_sweep,u_580,5.8,0.378,26.1078,0.9895,5.6861,1.0855,15.88,6340.585,15.272,-67.157,False
atlanta,3A,large_office,shgc_sweep,shgc_020,2.06120838,0.2,1.4396,0.9044,1.1144,0.9126,34.976,5081.557,10.681,-536.955,False
atlanta,3A,large_office,shgc_sweep,shgc_030,2.06120838,0.3,1.1647,0.9579,1.051,0.9618,28.296,5381.713,4.001,-236.799,False
atlanta,3A,large_office,shgc_sweep,shgc_040,2.06120838,0.4,0.9621,1.0119,0.9863,1.0108,23.375,5685.435,-0.92,66.923,False
atlanta,3A,large_office,shgc_sweep,shgc_055,2.06120838,0.55,0.7639,1.0934,0.8919,1.0897,18.56,6143.508,-5.735,524.996,False
atlanta,3A,large_office,shgc_sweep,shgc_070,2.06120838,0.7,0.6114,1.1758,0.8148,1.1734,14.853,6606.093,-9.442,987.581,False
atlanta,3A,large_office,u_sweep,u_080,0.8,0.378,0.1955,1.0508,0.5255,0.9895,4.75,5904.188,-19.545,285.676,False
atlanta,3A,large_office,u_sweep,u_140,1.4,0.378,0.4792,1.0217,0.7588,0.9928,11.641,5740.262,-12.654,121.75,False
atlanta,3A,large_office,u_sweep,u_270,2.7,0.378,1.7266,0.9808,1.1943,1.004,41.949,5510.673,17.654,-107.839,False
atlanta,3A,large_office,u_sweep,u_400,4.0,0.378,3.5417,0.9649,1.6034,1.0275,86.044,5421.526,61.749,-196.986,False
atlanta,3A,large_office,u_sweep,u_580,5.8,0.378,6.2139,0.9548,1.8612,1.0697,150.967,5364.593,126.672,-253.919,False
san_diego,3C,large_office,shgc_sweep,shgc_020,2.06120838,0.2,2.2073,0.8921,3.1819,0.8981,0.493,5155.485,0.269,-623.442,True
san_diego,3C,large_office,shgc_sweep,shgc_030,2.06120838,0.3,1.3827,0.9525,1.7141,0.9561,0.309,5504.537,0.085,-274.39,True
san_diego,3C,large_office,shgc_sweep,shgc_040,2.06120838,0.4,0.9228,1.0133,0.8233,1.0123,0.206,5855.896,-0.018,76.969,True
san_diego,3C,large_office,shgc_sweep,shgc_055,2.06120838,0.55,0.5688,1.1045,0.406,1.1126,0.127,6382.783,-0.097,603.856,True
san_diego,3C,large_office,shgc_sweep,shgc_070,2.06120838,0.7,0.3863,1.1958,0.3064,1.2385,0.086,6910.259,-0.138,1131.332,True
san_diego,3C,large_office,u_sweep,u_080,0.8,0.378,0.0331,1.0605,0.1171,1.0115,0.007,6128.84,-0.217,349.913,True
san_diego,3C,large_office,u_sweep,u_140,1.4,0.378,0.2549,1.0269,0.4388,1.0037,0.057,5934.518,-0.167,155.591,True
san_diego,3C,large_office,u_sweep,u_270,2.7,0.378,2.7577,0.975,2.1528,0.994,0.616,5634.732,0.392,-144.195,True
san_diego,3C,large_office,u_sweep,u_400,4.0,0.378,13.5936,0.9496,6.5579,0.9989,3.039,5487.658,2.815,-291.269,True
san_diego,3C,large_office,u_sweep,u_580,5.8,0.378,49.2369,0.9276,12.3359,1.0063,11.007,5360.42,10.783,-418.507,True
new_york,4A,large_office,shgc_sweep,shgc_020,2.06120838,0.2,1.3171,0.907,1.0852,0.9079,109.262,4581.47,26.308,-469.768,False
new_york,4A,large_office,shgc_sweep,shgc_030,2.06120838,0.3,1.1229,0.9588,1.0462,0.9599,93.147,4842.965,10.193,-208.273,False
new_york,4A,large_office,shgc_sweep,shgc_040,2.06120838,0.4,0.9704,1.0117,0.9904,1.0112,80.498,5110.401,-2.456,59.163,False
new_york,4A,large_office,shgc_sweep,shgc_055,2.06120838,0.55,0.8005,1.0925,0.9202,1.0891,66.403,5518.299,-16.551,467.061,False
new_york,4A,large_office,shgc_sweep,shgc_070,2.06120838,0.7,0.673,1.1743,0.8438,1.1698,55.827,5931.564,-27.127,880.326,False
new_york,4A,large_office,u_sweep,u_080,0.8,0.378,0.2991,1.0707,0.8307,0.997,24.809,5408.319,-58.145,357.081,False
new_york,4A,large_office,u_sweep,u_140,1.4,0.378,0.5567,1.0306,0.8958,0.9961,46.179,5205.89,-36.775,154.652,False
new_york,4A,large_office,u_sweep,u_270,2.7,0.378,1.5762,0.9746,1.1361,1.0003,130.749,4922.896,47.795,-128.342,False
new_york,4A,large_office,u_sweep,u_400,4.0,0.378,2.8423,0.9487,1.241,1.0213,235.779,4791.948,152.825,-259.29,False
new_york,4A,large_office,u_sweep,u_580,5.8,0.378,4.6913,0.9279,1.3527,1.0487,389.166,4687.007,306.212,-364.231,False
denver,5B,large_office,shgc_sweep,shgc_020,2.06120838,0.2,1.3467,0.886,1.0532,0.8958,100.681,4538.732,25.919,-584.072,False
denver,5B,large_office,shgc_sweep,shgc_030,2.06120838,0.3,1.1258,0.9495,1.0212,0.9525,84.168,4864.025,9.406,-258.779,False
denver,5B,large_office,shgc_sweep,shgc_040,2.06120838,0.4,0.9694,1.0144,0.9936,1.0132,72.472,5196.506,-2.29,73.702,False
denver,5B,large_office,shgc_sweep,shgc_055,2.06120838,0.55,0.7996,1.1135,0.9539,1.1021,59.782,5704.32,-14.98,581.516,False
denver,5B,large_office,shgc_sweep,shgc_070,2.06120838,0.7,0.6764,1.2135,0.9207,1.1992,50.566,6216.342,-24.196,1093.538,False
denver,5B,large_office,u_sweep,u_080,0.8,0.378,0.1778,1.0885,0.5097,0.9983,13.292,5575.952,-61.47,453.148,False
denver,5B,large_office,u_sweep,u_140,1.4,0.378,0.4612,1.0383,0.7601,0.9965,34.482,5319.22,-40.28,196.416,False
denver,5B,large_office,u_sweep,u_270,2.7,0.378,1.6912,0.9688,1.1922,1.001,126.438,4963.049,51.676,-159.755,False
denver,5B,large_office,u_sweep,u_400,4.0,0.378,3.3125,0.9375,1.5813,1.0312,247.648,4802.643,172.886,-320.161,False
denver,5B,large_office,u_sweep,u_580,5.8,0.378,5.6272,0.9135,2.1174,1.0707,420.704,4679.443,345.942,-443.361,False
buffalo,5A,large_office,shgc_sweep,shgc_020,2.06120838,0.2,1.2679,0.9111,1.0194,0.9048,205.029,4225.254,43.316,-412.286,False
buffalo,5A,large_office,shgc_sweep,shgc_030,2.06120838,0.3,1.1036,0.9604,0.9997,0.9587,178.461,4453.856,16.748,-183.684,False
buffalo,5A,large_office,shgc_sweep,shgc_040,2.06120838,0.4,0.9736,1.0113,0.9953,1.0116,157.445,4689.737,-4.268,52.197,False
buffalo,5A,large_office,shgc_sweep,shgc_055,2.06120838,0.55,0.8184,1.0893,0.9654,1.0924,132.346,5051.518,-29.367,413.978,False
buffalo,5A,large_office,shgc_sweep,shgc_070,2.06120838,0.7,0.7008,1.1688,0.9385,1.1827,113.331,5420.516,-48.382,782.976,False
buffalo,5A,large_office,u_sweep,u_080,0.8,0.378,0.2704,1.0859,0.8348,1.0018,43.731,5035.812,-117.982,398.272,False
buffalo,5A,large_office,u_sweep,u_140,1.4,0.378,0.565,1.0372,0.9502,0.9987,91.361,4809.951,-70.352,172.411,False
buffalo,5A,large_office,u_sweep,u_270,2.7,0.378,1.4949,0.9699,1.0763,0.9982,241.74,4497.825,80.027,-139.715,False
buffalo,5A,large_office,u_sweep,u_400,4.0,0.378,2.5266,0.9362,1.2077,1.0104,408.579,4341.713,246.866,-295.827,False
buffalo,5A,large_office,u_sweep,u_580,5.8,0.378,3.9177,0.9075,1.3519,1.0277,633.547,4208.422,471.834,-429.118,False
international_falls,7,large_office,shgc_sweep,shgc_020,2.06120838,0.2,1.1982,0.9063,1.0267,0.8852,449.258,4000.944,74.3,-413.486,False
international_falls,7,large_office,shgc_sweep,shgc_030,2.06120838,0.3,1.0786,0.9581,1.0144,0.9499,404.418,4229.376,29.46,-185.054,False
international_falls,7,large_office,shgc_sweep,shgc_040,2.06120838,0.4,0.9799,1.012,0.9945,1.014,367.421,4467.27,-7.537,52.84,False
international_falls,7,large_office,shgc_sweep,shgc_055,2.06120838,0.55,0.8543,1.0954,0.8794,1.1084,320.335,4835.654,-54.623,421.224,False
international_falls,7,large_office,shgc_sweep,shgc_070,2.06120838,0.7,0.7549,1.1809,0.7843,1.2024,283.039,5213.111,-91.919,798.681,False
international_falls,7,large_office,u_sweep,u_080,0.8,0.378,0.2895,1.1023,0.7452,1.0009,108.553,4866.17,-266.405,451.74,False
international_falls,7,large_office,u_sweep,u_140,1.4,0.378,0.597,1.0435,0.9205,0.9977,223.833,4606.615,-151.125,192.185,False
international_falls,7,large_office,u_sweep,u_270,2.7,0.378,1.4196,0.966,1.061,0.9979,532.276,4264.2,157.318,-150.23,False
international_falls,7,large_office,u_sweep,u_400,4.0,0.378,2.2356,0.9278,1.1618,1.0119,838.262,4095.826,463.304,-318.604,False
international_falls,7,large_office,u_sweep,u_580,5.8,0.378,3.2729,0.8964,1.2728,1.0308,1227.195,3956.952,852.237,-457.478,False
